Product Id,Product Name,Product Category Id,Product Category Name,Product Price
191,Nike Men's Free 5.0+ Running Shoe,9,Cardio Equipment,99.98999786
627,Under Armour Girls' Toddler Spine Surge Runni,29,Shop By Sport,39.99000168
917,Glove It Women's Mod Oval 3-Zip Carry All Gol,41,Trade-In,21.98999977
828,Bridgestone e6 Straight Distance NFL San Dieg,37,Electronics,31.98999977
191,Nike Men's Free 5.0+ Running Shoe,9,Cardio Equipment,99.98999786
403,Nike Men's CJ Elite 2 TD Football Cleat,18,Men's Footwear,129.9900055
403,Nike Men's CJ Elite 2 TD Football Cleat,18,Men's Footwear,129.9900055
403,Nike Men's CJ Elite 2 TD Football Cleat,18,Men's Footwear,129.9900055
365,Perfect Fitness Perfect Rip Deck,17,Cleats,59.99000168
403,Nike Men's CJ Elite 2 TD Football Cleat,18,Men's Footwear,129.9900055
957,Diamondback Women's Serene Classic Comfort Bi,43,Camping & Hiking,299.980011
957,Diamondback Women's Serene Classic Comfort Bi,43,Camping & Hiking,299.980011
365,Perfect Fitness Perfect Rip Deck,17,Cleats,59.99000168
365,Perfect Fitness Perfect Rip Deck,17,Cleats,59.99000168
502,Nike Men's Dri-FIT Victory Golf Polo,24,Women's Apparel,50
627,Under Armour Girls' Toddler Spine Surge Runni,29,Shop By Sport,39.99000168
502,Nike Men's Dri-FIT Victory Golf Polo,24,Women's Apparel,50
905,Team Golf Texas Longhorns Putter Grip,40,Accessories,24.98999977
191,Nike Men's Free 5.0+ Running Shoe,9,Cardio Equipment,99.98999786
365,Perfect Fitness Perfect Rip Deck,17,Cleats,59.99000168
365,Perfect Fitness Perfect Rip Deck,17,Cleats,59.99000168
365,Perfect Fitness Perfect Rip Deck,17,Cleats,59.99000168
365,Perfect Fitness Perfect Rip Deck,17,Cleats,59.99000168
365,Perfect Fitness Perfect Rip Deck,17,Cleats,59.99000168
502,Nike Men's Dri-FIT Victory Golf Polo,24,Women's Apparel,50
502,Nike Men's Dri-FIT Victory Golf Polo,24,Women's Apparel,50
627,Under Armour Girls' Toddler Spine Surge Runni,29,Shop By Sport,39.99000168
627,Under Armour Girls' Toddler Spine Surge Runni,29,Shop By Sport,39.99000168
564,Nike Men's Deutschland Weltmeister Winners Bl,26,Girls' Apparel,30
502,Nike Men's Dri-FIT Victory Golf Polo,24,Women's Apparel,50
502,Nike Men's Dri-FIT Victory Golf Polo,24,Women's Apparel,50
502,Nike Men's Dri-FIT Victory Golf Polo,24,Women's Apparel,50
885,Team Golf St. Louis Cardinals Putter Grip,40,Accessories,24.98999977
191,Nike Men's Free 5.0+ Running Shoe,9,Cardio Equipment,99.98999786
191,Nike Men's Free 5.0+ Running Shoe,9,Cardio Equipment,99.98999786
191,Nike Men's Free 5.0+ Running Shoe,9,Cardio Equipment,99.98999786
191,Nike Men's Free 5.0+ Running Shoe,9,Cardio Equipment,99.98999786
191,Nike Men's Free 5.0+ Running Shoe,9,Cardio Equipment,99.98999786
191,Nike Men's Free 5.0+ Running Shoe,9,Cardio Equipment,99.98999786
191,Nike Men's Free 5.0+ Running Shoe,9,Cardio Equipment,99.98999786
191,Nike Men's Free 5.0+ Running Shoe,9,Cardio Equipment,99.98999786
502,Nike Men's Dri-FIT Victory Golf Polo,24,Women's Apparel,50
502,Nike Men's Dri-FIT Victory Golf Polo,24,Women's Apparel,50
627,Under Armour Girls' Toddler Spine Surge Runni,29,Shop By Sport,39.99000168
627,Under Armour Girls' Toddler Spine Surge Runni,29,Shop By Sport,39.99000168
502,Nike Men's Dri-FIT Victory Golf Polo,24,Women's Apparel,50
502,Nike Men's Dri-FIT Victory Golf Polo,24,Women's Apparel,50
502,Nike Men's Dri-FIT Victory Golf Polo,24,Women's Apparel,50
502,Nike Men's Dri-FIT Victory Golf Polo,24,Women's Apparel,50
502,Nike Men's Dri-FIT Victory Golf Polo,24,Women's Apparel,50
502,Nike Men's Dri-FIT Victory Golf Polo,24,Women's Apparel,50
502,Nike Men's Dri-FIT Victory Golf Polo,24,Women's Apparel,50
502,Nike Men's Dri-FIT Victory Golf Polo,24,Women's Apparel,50
627,Under Armour Girls' Toddler Spine Surge Runni,29,Shop By Sport,39.99000168
502,Nike Men's Dri-FIT Victory Golf Polo,24,Women's Apparel,50
906,Team Golf Tennessee Volunteers Putter Grip,40,Accessories,24.98999977
885,Team Golf St. Louis Cardinals Putter Grip,40,Accessories,24.98999977
886,Team Golf San Francisco Giants Putter Grip,40,Accessories,24.98999977
926,Glove It Imperial Golf Towel,41,Trade-In,15.98999977
924,Glove It Urban Brick Golf Towel,41,Trade-In,15.98999977
825,Bridgestone e6 Straight Distance NFL Tennesse,37,Electronics,31.98999977
977,ENO Atlas Hammock Straps,44,Hunting & Shooting,29.98999977
116,Nike Men's Comfort 2 Slide,6,Tennis & Racquet,44.99000168
191,Nike Men's Free 5.0+ Running Shoe,9,Cardio Equipment,99.98999786
365,Perfect Fitness Perfect Rip Deck,17,Cleats,59.99000168
627,Under Armour Girls' Toddler Spine Surge Runni,29,Shop By Sport,39.99000168
502,Nike Men's Dri-FIT Victory Golf Polo,24,Women's Apparel,50
818,Titleist Pro V1x Golf Balls,37,Electronics,47.99000168
191,Nike Men's Free 5.0+ Running Shoe,9,Cardio Equipment,99.98999786
835,Bridgestone e6 Straight Distance NFL Carolina,37,Electronics,31.98999977
191,Nike Men's Free 5.0+ Running Shoe,9,Cardio Equipment,99.98999786
502,Nike Men's Dri-FIT Victory Golf Polo,24,Women's Apparel,50
191,Nike Men's Free 5.0+ Running Shoe,9,Cardio Equipment,99.98999786
191,Nike Men's Free 5.0+ Running Shoe,9,Cardio Equipment,99.98999786
365,Perfect Fitness Perfect Rip Deck,17,Cleats,59.99000168
365,Perfect Fitness Perfect Rip Deck,17,Cleats,59.99000168
365,Perfect Fitness Perfect Rip Deck,17,Cleats,59.99000168
365,Perfect Fitness Perfect Rip Deck,17,Cleats,59.99000168
365,Perfect Fitness Perfect Rip Deck,17,Cleats,59.99000168
365,Perfect Fitness Perfect Rip Deck,17,Cleats,59.99000168
627,Under Armour Girls' Toddler Spine Surge Runni,29,Shop By Sport,39.99000168
627,Under Armour Girls' Toddler Spine Surge Runni,29,Shop By Sport,39.99000168
502,Nike Men's Dri-FIT Victory Golf Polo,24,Women's Apparel,50
502,Nike Men's Dri-FIT Victory Golf Polo,24,Women's Apparel,50
502,Nike Men's Dri-FIT Victory Golf Polo,24,Women's Apparel,50
627,Under Armour Girls' Toddler Spine Surge Runni,29,Shop By Sport,39.99000168
627,Under Armour Girls' Toddler Spine Surge Runni,29,Shop By Sport,39.99000168
502,Nike Men's Dri-FIT Victory Golf Polo,24,Women's Apparel,50
502,Nike Men's Dri-FIT Victory Golf Polo,24,Women's Apparel,50
627,Under Armour Girls' Toddler Spine Surge Runni,29,Shop By Sport,39.99000168
502,Nike Men's Dri-FIT Victory Golf Polo,24,Women's Apparel,50
810,Glove It Women's Mod Oval Golf Glove,36,Golf Balls,19.98999977
116,Nike Men's Comfort 2 Slide,6,Tennis & Racquet,44.99000168
191,Nike Men's Free 5.0+ Running Shoe,9,Cardio Equipment,99.98999786
365,Perfect Fitness Perfect Rip Deck,17,Cleats,59.99000168
502,Nike Men's Dri-FIT Victory Golf Polo,24,Women's Apparel,50
627,Under Armour Girls' Toddler Spine Surge Runni,29,Shop By Sport,39.99000168
565,adidas Youth Germany Black/Red Away Match Soc,26,Girls' Apparel,70
627,Under Armour Girls' Toddler Spine Surge Runni,29,Shop By Sport,39.99000168
502,Nike Men's Dri-FIT Victory Golf Polo,24,Women's Apparel,50
821,Titleist Pro V1 High Numbers Personalized Gol,37,Electronics,51.99000168
502,Nike Men's Dri-FIT Victory Golf Polo,24,Women's Apparel,50
191,Nike Men's Free 5.0+ Running Shoe,9,Cardio Equipment,99.98999786
403,Nike Men's CJ Elite 2 TD Football Cleat,18,Men's Footwear,129.9900055
403,Nike Men's CJ Elite 2 TD Football Cleat,18,Men's Footwear,129.9900055
403,Nike Men's CJ Elite 2 TD Football Cleat,18,Men's Footwear,129.9900055
403,Nike Men's CJ Elite 2 TD Football Cleat,18,Men's Footwear,129.9900055
403,Nike Men's CJ Elite 2 TD Football Cleat,18,Men's Footwear,129.9900055
365,Perfect Fitness Perfect Rip Deck,17,Cleats,59.99000168
403,Nike Men's CJ Elite 2 TD Football Cleat,18,Men's Footwear,129.9900055
365,Perfect Fitness Perfect Rip Deck,17,Cleats,59.99000168
403,Nike Men's CJ Elite 2 TD Football Cleat,18,Men's Footwear,129.9900055
365,Perfect Fitness Perfect Rip Deck,17,Cleats,59.99000168
403,Nike Men's CJ Elite 2 TD Football Cleat,18,Men's Footwear,129.9900055
403,Nike Men's CJ Elite 2 TD Football Cleat,18,Men's Footwear,129.9900055
403,Nike Men's CJ Elite 2 TD Football Cleat,18,Men's Footwear,129.9900055
403,Nike Men's CJ Elite 2 TD Football Cleat,18,Men's Footwear,129.9900055
365,Perfect Fitness Perfect Rip Deck,17,Cleats,59.99000168
403,Nike Men's CJ Elite 2 TD Football Cleat,18,Men's Footwear,129.9900055
365,Perfect Fitness Perfect Rip Deck,17,Cleats,59.99000168
502,Nike Men's Dri-FIT Victory Golf Polo,24,Women's Apparel,50
502,Nike Men's Dri-FIT Victory Golf Polo,24,Women's Apparel,50
825,Bridgestone e6 Straight Distance NFL Tennesse,37,Electronics,31.98999977
897,Team Golf New England Patriots Putter Grip,40,Accessories,24.98999977
957,Diamondback Women's Serene Classic Comfort Bi,43,Camping & Hiking,299.980011
957,Diamondback Women's Serene Classic Comfort Bi,43,Camping & Hiking,299.980011
957,Diamondback Women's Serene Classic Comfort Bi,43,Camping & Hiking,299.980011
957,Diamondback Women's Serene Classic Comfort Bi,43,Camping & Hiking,299.980011
957,Diamondback Women's Serene Classic Comfort Bi,43,Camping & Hiking,299.980011
957,Diamondback Women's Serene Classic Comfort Bi,43,Camping & Hiking,299.980011
957,Diamondback Women's Serene Classic Comfort Bi,43,Camping & Hiking,299.980011
957,Diamondback Women's Serene Classic Comfort Bi,43,Camping & Hiking,299.980011
957,Diamondback Women's Serene Classic Comfort Bi,43,Camping & Hiking,299.980011
957,Diamondback Women's Serene Classic Comfort Bi,43,Camping & Hiking,299.980011
403,Nike Men's CJ Elite 2 TD Football Cleat,18,Men's Footwear,129.9900055
403,Nike Men's CJ Elite 2 TD Football Cleat,18,Men's Footwear,129.9900055
365,Perfect Fitness Perfect Rip Deck,17,Cleats,59.99000168
365,Perfect Fitness Perfect Rip Deck,17,Cleats,59.99000168
365,Perfect Fitness Perfect Rip Deck,17,Cleats,59.99000168
502,Nike Men's Dri-FIT Victory Golf Polo,24,Women's Apparel,50
191,Nike Men's Free 5.0+ Running Shoe,9,Cardio Equipment,99.98999786
191,Nike Men's Free 5.0+ Running Shoe,9,Cardio Equipment,99.98999786
365,Perfect Fitness Perfect Rip Deck,17,Cleats,59.99000168
365,Perfect Fitness Perfect Rip Deck,17,Cleats,59.99000168
365,Perfect Fitness Perfect Rip Deck,17,Cleats,59.99000168
567,adidas Men's Germany Black Crest Away Tee,26,Girls' Apparel,25
502,Nike Men's Dri-FIT Victory Golf Polo,24,Women's Apparel,50
502,Nike Men's Dri-FIT Victory Golf Polo,24,Women's Apparel,50
627,Under Armour Girls' Toddler Spine Surge Runni,29,Shop By Sport,39.99000168
191,Nike Men's Free 5.0+ Running Shoe,9,Cardio Equipment,99.98999786
191,Nike Men's Free 5.0+ Running Shoe,9,Cardio Equipment,99.98999786
365,Perfect Fitness Perfect Rip Deck,17,Cleats,59.99000168
365,Perfect Fitness Perfect Rip Deck,17,Cleats,59.99000168
365,Perfect Fitness Perfect Rip Deck,17,Cleats,59.99000168
365,Perfect Fitness Perfect Rip Deck,17,Cleats,59.99000168
365,Perfect Fitness Perfect Rip Deck,17,Cleats,59.99000168
365,Perfect Fitness Perfect Rip Deck,17,Cleats,59.99000168
502,Nike Men's Dri-FIT Victory Golf Polo,24,Women's Apparel,50
627,Under Armour Girls' Toddler Spine Surge Runni,29,Shop By Sport,39.99000168
502,Nike Men's Dri-FIT Victory Golf Polo,24,Women's Apparel,50
502,Nike Men's Dri-FIT Victory Golf Polo,24,Women's Apparel,50
627,Under Armour Girls' Toddler Spine Surge Runni,29,Shop By Sport,39.99000168
502,Nike Men's Dri-FIT Victory Golf Polo,24,Women's Apparel,50
917,Glove It Women's Mod Oval 3-Zip Carry All Gol,41,Trade-In,21.98999977
191,Nike Men's Free 5.0+ Running Shoe,9,Cardio Equipment,99.98999786
365,Perfect Fitness Perfect Rip Deck,17,Cleats,59.99000168
365,Perfect Fitness Perfect Rip Deck,17,Cleats,59.99000168
135,Nike Dri-FIT Crew Sock 6 Pack,7,Hockey,22
135,Nike Dri-FIT Crew Sock 6 Pack,7,Hockey,22
135,Nike Dri-FIT Crew Sock 6 Pack,7,Hockey,22
135,Nike Dri-FIT Crew Sock 6 Pack,7,Hockey,22
135,Nike Dri-FIT Crew Sock 6 Pack,7,Hockey,22
135,Nike Dri-FIT Crew Sock 6 Pack,7,Hockey,22
135,Nike Dri-FIT Crew Sock 6 Pack,7,Hockey,22
135,Nike Dri-FIT Crew Sock 6 Pack,7,Hockey,22
135,Nike Dri-FIT Crew Sock 6 Pack,7,Hockey,22
135,Nike Dri-FIT Crew Sock 6 Pack,7,Hockey,22
135,Nike Dri-FIT Crew Sock 6 Pack,7,Hockey,22
135,Nike Dri-FIT Crew Sock 6 Pack,7,Hockey,22
135,Nike Dri-FIT Crew Sock 6 Pack,7,Hockey,22
135,Nike Dri-FIT Crew Sock 6 Pack,7,Hockey,22
135,Nike Dri-FIT Crew Sock 6 Pack,7,Hockey,22
135,Nike Dri-FIT Crew Sock 6 Pack,7,Hockey,22
135,Nike Dri-FIT Crew Sock 6 Pack,7,Hockey,22
135,Nike Dri-FIT Crew Sock 6 Pack,7,Hockey,22
135,Nike Dri-FIT Crew Sock 6 Pack,7,Hockey,22
135,Nike Dri-FIT Crew Sock 6 Pack,7,Hockey,22
135,Nike Dri-FIT Crew Sock 6 Pack,7,Hockey,22
135,Nike Dri-FIT Crew Sock 6 Pack,7,Hockey,22
134,Nike Women's Legend V-Neck T-Shirt,7,Hockey,25
134,Nike Women's Legend V-Neck T-Shirt,7,Hockey,25
134,Nike Women's Legend V-Neck T-Shirt,7,Hockey,25
134,Nike Women's Legend V-Neck T-Shirt,7,Hockey,25
134,Nike Women's Legend V-Neck T-Shirt,7,Hockey,25
134,Nike Women's Legend V-Neck T-Shirt,7,Hockey,25
134,Nike Women's Legend V-Neck T-Shirt,7,Hockey,25
134,Nike Women's Legend V-Neck T-Shirt,7,Hockey,25
134,Nike Women's Legend V-Neck T-Shirt,7,Hockey,25
134,Nike Women's Legend V-Neck T-Shirt,7,Hockey,25
134,Nike Women's Legend V-Neck T-Shirt,7,Hockey,25
134,Nike Women's Legend V-Neck T-Shirt,7,Hockey,25
191,Nike Men's Free 5.0+ Running Shoe,9,Cardio Equipment,99.98999786
365,Perfect Fitness Perfect Rip Deck,17,Cleats,59.99000168
502,Nike Men's Dri-FIT Victory Golf Polo,24,Women's Apparel,50
502,Nike Men's Dri-FIT Victory Golf Polo,24,Women's Apparel,50
282,Under Armour Women's Ignite PIP VI Slide,13,Electronics,31.98999977
627,Under Armour Girls' Toddler Spine Surge Runni,29,Shop By Sport,39.99000168
502,Nike Men's Dri-FIT Victory Golf Polo,24,Women's Apparel,50
502,Nike Men's Dri-FIT Victory Golf Polo,24,Women's Apparel,50
627,Under Armour Girls' Toddler Spine Surge Runni,29,Shop By Sport,39.99000168
502,Nike Men's Dri-FIT Victory Golf Polo,24,Women's Apparel,50
249,Under Armour Women's Micro G Skulpt Running S,12,Boxing & MMA,54.97000122
365,Perfect Fitness Perfect Rip Deck,17,Cleats,59.99000168
44,adidas Men's F10 Messi TRX FG Soccer Cleat,3,Baseball & Softball,59.99000168
403,Nike Men's CJ Elite 2 TD Football Cleat,18,Men's Footwear,129.9900055
403,Nike Men's CJ Elite 2 TD Football Cleat,18,Men's Footwear,129.9900055
403,Nike Men's CJ Elite 2 TD Football Cleat,18,Men's Footwear,129.9900055
957,Diamondback Women's Serene Classic Comfort Bi,43,Camping & Hiking,299.980011
957,Diamondback Women's Serene Classic Comfort Bi,43,Camping & Hiking,299.980011
957,Diamondback Women's Serene Classic Comfort Bi,43,Camping & Hiking,299.980011
134,Nike Women's Legend V-Neck T-Shirt,7,Hockey,25
134,Nike Women's Legend V-Neck T-Shirt,7,Hockey,25
134,Nike Women's Legend V-Neck T-Shirt,7,Hockey,25
134,Nike Women's Legend V-Neck T-Shirt,7,Hockey,25
134,Nike Women's Legend V-Neck T-Shirt,7,Hockey,25
134,Nike Women's Legend V-Neck T-Shirt,7,Hockey,25
134,Nike Women's Legend V-Neck T-Shirt,7,Hockey,25
134,Nike Women's Legend V-Neck T-Shirt,7,Hockey,25
191,Nike Men's Free 5.0+ Running Shoe,9,Cardio Equipment,99.98999786
191,Nike Men's Free 5.0+ Running Shoe,9,Cardio Equipment,99.98999786
403,Nike Men's CJ Elite 2 TD Football Cleat,18,Men's Footwear,129.9900055
403,Nike Men's CJ Elite 2 TD Football Cleat,18,Men's Footwear,129.9900055
403,Nike Men's CJ Elite 2 TD Football Cleat,18,Men's Footwear,129.9900055
365,Perfect Fitness Perfect Rip Deck,17,Cleats,59.99000168
403,Nike Men's CJ Elite 2 TD Football Cleat,18,Men's Footwear,129.9900055
403,Nike Men's CJ Elite 2 TD Football Cleat,18,Men's Footwear,129.9900055
403,Nike Men's CJ Elite 2 TD Football Cleat,18,Men's Footwear,129.9900055
403,Nike Men's CJ Elite 2 TD Football Cleat,18,Men's Footwear,129.9900055
403,Nike Men's CJ Elite 2 TD Football Cleat,18,Men's Footwear,129.9900055
502,Nike Men's Dri-FIT Victory Golf Polo,24,Women's Apparel,50
917,Glove It Women's Mod Oval 3-Zip Carry All Gol,41,Trade-In,21.98999977
957,Diamondback Women's Serene Classic Comfort Bi,43,Camping & Hiking,299.980011
957,Diamondback Women's Serene Classic Comfort Bi,43,Camping & Hiking,299.980011
957,Diamondback Women's Serene Classic Comfort Bi,43,Camping & Hiking,299.980011
957,Diamondback Women's Serene Classic Comfort Bi,43,Camping & Hiking,299.980011
191,Nike Men's Free 5.0+ Running Shoe,9,Cardio Equipment,99.98999786
191,Nike Men's Free 5.0+ Running Shoe,9,Cardio Equipment,99.98999786
502,Nike Men's Dri-FIT Victory Golf Polo,24,Women's Apparel,50
116,Nike Men's Comfort 2 Slide,6,Tennis & Racquet,44.99000168
191,Nike Men's Free 5.0+ Running Shoe,9,Cardio Equipment,99.98999786
502,Nike Men's Dri-FIT Victory Golf Polo,24,Women's Apparel,50
502,Nike Men's Dri-FIT Victory Golf Polo,24,Women's Apparel,50
191,Nike Men's Free 5.0+ Running Shoe,9,Cardio Equipment,99.98999786
365,Perfect Fitness Perfect Rip Deck,17,Cleats,59.99000168
365,Perfect Fitness Perfect Rip Deck,17,Cleats,59.99000168
365,Perfect Fitness Perfect Rip Deck,17,Cleats,59.99000168
627,Under Armour Girls' Toddler Spine Surge Runni,29,Shop By Sport,39.99000168
627,Under Armour Girls' Toddler Spine Surge Runni,29,Shop By Sport,39.99000168
502,Nike Men's Dri-FIT Victory Golf Polo,24,Women's Apparel,50
905,Team Golf Texas Longhorns Putter Grip,40,Accessories,24.98999977
924,Glove It Urban Brick Golf Towel,41,Trade-In,15.98999977
818,Titleist Pro V1x Golf Balls,37,Electronics,47.99000168
804,Glove It Women's Imperial Golf Glove,36,Golf Balls,19.98999977
642,Columbia Men's PFG Anchor Tough T-Shirt,29,Shop By Sport,30
365,Perfect Fitness Perfect Rip Deck,17,Cleats,59.99000168
365,Perfect Fitness Perfect Rip Deck,17,Cleats,59.99000168
365,Perfect Fitness Perfect Rip Deck,17,Cleats,59.99000168
365,Perfect Fitness Perfect Rip Deck,17,Cleats,59.99000168
365,Perfect Fitness Perfect Rip Deck,17,Cleats,59.99000168
365,Perfect Fitness Perfect Rip Deck,17,Cleats,59.99000168
502,Nike Men's Dri-FIT Victory Golf Polo,24,Women's Apparel,50
502,Nike Men's Dri-FIT Victory Golf Polo,24,Women's Apparel,50
893,Team Golf Pittsburgh Steelers Putter Grip,40,Accessories,24.98999977
804,Glove It Women's Imperial Golf Glove,36,Golf Balls,19.98999977
235,Under Armour Hustle Storm Medium Duffle Bag,11,Fitness Accessories,34.99000168
172,Nike Women's Tempo Shorts,9,Cardio Equipment,30
191,Nike Men's Free 5.0+ Running Shoe,9,Cardio Equipment,99.98999786
191,Nike Men's Free 5.0+ Running Shoe,9,Cardio Equipment,99.98999786
191,Nike Men's Free 5.0+ Running Shoe,9,Cardio Equipment,99.98999786
365,Perfect Fitness Perfect Rip Deck,17,Cleats,59.99000168
365,Perfect Fitness Perfect Rip Deck,17,Cleats,59.99000168
365,Perfect Fitness Perfect Rip Deck,17,Cleats,59.99000168
365,Perfect Fitness Perfect Rip Deck,17,Cleats,59.99000168
502,Nike Men's Dri-FIT Victory Golf Polo,24,Women's Apparel,50
627,Under Armour Girls' Toddler Spine Surge Runni,29,Shop By Sport,39.99000168
502,Nike Men's Dri-FIT Victory Golf Polo,24,Women's Apparel,50
917,Glove It Women's Mod Oval 3-Zip Carry All Gol,41,Trade-In,21.98999977
1352,Industrial consumer electronics,65,Consumer Electronics,252.8800049
1349,Web Camera,62,Cameras ,452.0400085
1352,Industrial consumer electronics,65,Consumer Electronics,252.8800049
1349,Web Camera,62,Cameras ,452.0400085
1352,Industrial consumer electronics,65,Consumer Electronics,252.8800049
1349,Web Camera,62,Cameras ,452.0400085
1352,Industrial consumer electronics,65,Consumer Electronics,252.8800049
1351,Dell Laptop,64,Computers,1500
1349,Web Camera,62,Cameras ,452.0400085
1349,Web Camera,62,Cameras ,452.0400085
1351,Dell Laptop,64,Computers,1500
1349,Web Camera,62,Cameras ,452.0400085
1352,Industrial consumer electronics,65,Consumer Electronics,252.8800049
1349,Web Camera,62,Cameras ,452.0400085
1352,Industrial consumer electronics,65,Consumer Electronics,252.8800049
1351,Dell Laptop,64,Computers,1500
1349,Web Camera,62,Cameras ,452.0400085
1352,Industrial consumer electronics,65,Consumer Electronics,252.8800049
1349,Web Camera,62,Cameras ,452.0400085
1352,Industrial consumer electronics,65,Consumer Electronics,252.8800049
1349,Web Camera,62,Cameras ,452.0400085
1352,Industrial consumer electronics,65,Consumer Electronics,252.8800049
1352,Industrial consumer electronics,65,Consumer Electronics,252.8800049
1352,Industrial consumer electronics,65,Consumer Electronics,252.8800049
1349,Web Camera,62,Cameras ,452.0400085
1349,Web Camera,62,Cameras ,452.0400085
1352,Industrial consumer electronics,65,Consumer Electronics,252.8800049
1351,Dell Laptop,64,Computers,1500
1349,Web Camera,62,Cameras ,452.0400085
60,SOLE E25 Elliptical,4,Basketball,999.9899902
24,Elevation Training Mask 2.0,2,Soccer,79.98999786
44,adidas Men's F10 Messi TRX FG Soccer Cleat,3,Baseball & Softball,59.99000168
278,Under Armour Men's Compression EV SL Slide,13,Electronics,44.99000168
191,Nike Men's Free 5.0+ Running Shoe,9,Cardio Equipment,99.98999786
191,Nike Men's Free 5.0+ Running Shoe,9,Cardio Equipment,99.98999786
278,Under Armour Men's Compression EV SL Slide,13,Electronics,44.99000168
191,Nike Men's Free 5.0+ Running Shoe,9,Cardio Equipment,99.98999786
191,Nike Men's Free 5.0+ Running Shoe,9,Cardio Equipment,99.98999786
44,adidas Men's F10 Messi TRX FG Soccer Cleat,3,Baseball & Softball,59.99000168
235,Under Armour Hustle Storm Medium Duffle Bag,11,Fitness Accessories,34.99000168
191,Nike Men's Free 5.0+ Running Shoe,9,Cardio Equipment,99.98999786
273,Under Armour Kids' Mercenary Slide,13,Electronics,27.98999977
191,Nike Men's Free 5.0+ Running Shoe,9,Cardio Equipment,99.98999786
191,Nike Men's Free 5.0+ Running Shoe,9,Cardio Equipment,99.98999786
191,Nike Men's Free 5.0+ Running Shoe,9,Cardio Equipment,99.98999786
191,Nike Men's Free 5.0+ Running Shoe,9,Cardio Equipment,99.98999786
282,Under Armour Women's Ignite PIP VI Slide,13,Electronics,31.98999977
191,Nike Men's Free 5.0+ Running Shoe,9,Cardio Equipment,99.98999786
191,Nike Men's Free 5.0+ Running Shoe,9,Cardio Equipment,99.98999786
191,Nike Men's Free 5.0+ Running Shoe,9,Cardio Equipment,99.98999786
191,Nike Men's Free 5.0+ Running Shoe,9,Cardio Equipment,99.98999786
191,Nike Men's Free 5.0+ Running Shoe,9,Cardio Equipment,99.98999786
235,Under Armour Hustle Storm Medium Duffle Bag,11,Fitness Accessories,34.99000168
235,Under Armour Hustle Storm Medium Duffle Bag,11,Fitness Accessories,34.99000168
359,Nike Men's Free TR 5.0 TB Training Shoe,16,As Seen on  TV!,99.98999786
191,Nike Men's Free 5.0+ Running Shoe,9,Cardio Equipment,99.98999786
191,Nike Men's Free 5.0+ Running Shoe,9,Cardio Equipment,99.98999786
276,Under Armour Women's Ignite Slide,13,Electronics,31.98999977
191,Nike Men's Free 5.0+ Running Shoe,9,Cardio Equipment,99.98999786
365,Perfect Fitness Perfect Rip Deck,17,Cleats,59.99000168
365,Perfect Fitness Perfect Rip Deck,17,Cleats,59.99000168
365,Perfect Fitness Perfect Rip Deck,17,Cleats,59.99000168
502,Nike Men's Dri-FIT Victory Golf Polo,24,Women's Apparel,50
627,Under Armour Girls' Toddler Spine Surge Runni,29,Shop By Sport,39.99000168
502,Nike Men's Dri-FIT Victory Golf Polo,24,Women's Apparel,50
502,Nike Men's Dri-FIT Victory Golf Polo,24,Women's Apparel,50
502,Nike Men's Dri-FIT Victory Golf Polo,24,Women's Apparel,50
627,Under Armour Girls' Toddler Spine Surge Runni,29,Shop By Sport,39.99000168
502,Nike Men's Dri-FIT Victory Golf Polo,24,Women's Apparel,50
627,Under Armour Girls' Toddler Spine Surge Runni,29,Shop By Sport,39.99000168
893,Team Golf Pittsburgh Steelers Putter Grip,40,Accessories,24.98999977
191,Nike Men's Free 5.0+ Running Shoe,9,Cardio Equipment,99.98999786
191,Nike Men's Free 5.0+ Running Shoe,9,Cardio Equipment,99.98999786
365,Perfect Fitness Perfect Rip Deck,17,Cleats,59.99000168
365,Perfect Fitness Perfect Rip Deck,17,Cleats,59.99000168
365,Perfect Fitness Perfect Rip Deck,17,Cleats,59.99000168
365,Perfect Fitness Perfect Rip Deck,17,Cleats,59.99000168
572,TYR Boys' Team Digi Jammer,26,Girls' Apparel,39.99000168
502,Nike Men's Dri-FIT Victory Golf Polo,24,Women's Apparel,50
502,Nike Men's Dri-FIT Victory Golf Polo,24,Women's Apparel,50
502,Nike Men's Dri-FIT Victory Golf Polo,24,Women's Apparel,50
627,Under Armour Girls' Toddler Spine Surge Runni,29,Shop By Sport,39.99000168
502,Nike Men's Dri-FIT Victory Golf Polo,24,Women's Apparel,50
502,Nike Men's Dri-FIT Victory Golf Polo,24,Women's Apparel,50
502,Nike Men's Dri-FIT Victory Golf Polo,24,Women's Apparel,50
565,adidas Youth Germany Black/Red Away Match Soc,26,Girls' Apparel,70
502,Nike Men's Dri-FIT Victory Golf Polo,24,Women's Apparel,50
804,Glove It Women's Imperial Golf Glove,36,Golf Balls,19.98999977
203,GoPro HERO3+ Black Edition Camera,10,Strength Training,399.9899902
191,Nike Men's Free 5.0+ Running Shoe,9,Cardio Equipment,99.98999786
273,Under Armour Kids' Mercenary Slide,13,Electronics,27.98999977
1353,Porcelain crafts,66,Crafts,461.480011
403,Nike Men's CJ Elite 2 TD Football Cleat,18,Men's Footwear,129.9900055
364,Total Gym 1400,17,Cleats,299.9899902
403,Nike Men's CJ Elite 2 TD Football Cleat,18,Men's Footwear,129.9900055
403,Nike Men's CJ Elite 2 TD Football Cleat,18,Men's Footwear,129.9900055
403,Nike Men's CJ Elite 2 TD Football Cleat,18,Men's Footwear,129.9900055
403,Nike Men's CJ Elite 2 TD Football Cleat,18,Men's Footwear,129.9900055
365,Perfect Fitness Perfect Rip Deck,17,Cleats,59.99000168
1353,Porcelain crafts,66,Crafts,461.480011
403,Nike Men's CJ Elite 2 TD Football Cleat,18,Men's Footwear,129.9900055
403,Nike Men's CJ Elite 2 TD Football Cleat,18,Men's Footwear,129.9900055
403,Nike Men's CJ Elite 2 TD Football Cleat,18,Men's Footwear,129.9900055
403,Nike Men's CJ Elite 2 TD Football Cleat,18,Men's Footwear,129.9900055
403,Nike Men's CJ Elite 2 TD Football Cleat,18,Men's Footwear,129.9900055
403,Nike Men's CJ Elite 2 TD Football Cleat,18,Men's Footwear,129.9900055
1353,Porcelain crafts,66,Crafts,461.480011
403,Nike Men's CJ Elite 2 TD Football Cleat,18,Men's Footwear,129.9900055
403,Nike Men's CJ Elite 2 TD Football Cleat,18,Men's Footwear,129.9900055
403,Nike Men's CJ Elite 2 TD Football Cleat,18,Men's Footwear,129.9900055
365,Perfect Fitness Perfect Rip Deck,17,Cleats,59.99000168
403,Nike Men's CJ Elite 2 TD Football Cleat,18,Men's Footwear,129.9900055
403,Nike Men's CJ Elite 2 TD Football Cleat,18,Men's Footwear,129.9900055
365,Perfect Fitness Perfect Rip Deck,17,Cleats,59.99000168
403,Nike Men's CJ Elite 2 TD Football Cleat,18,Men's Footwear,129.9900055
403,Nike Men's CJ Elite 2 TD Football Cleat,18,Men's Footwear,129.9900055
365,Perfect Fitness Perfect Rip Deck,17,Cleats,59.99000168
403,Nike Men's CJ Elite 2 TD Football Cleat,18,Men's Footwear,129.9900055
403,Nike Men's CJ Elite 2 TD Football Cleat,18,Men's Footwear,129.9900055
403,Nike Men's CJ Elite 2 TD Football Cleat,18,Men's Footwear,129.9900055
403,Nike Men's CJ Elite 2 TD Football Cleat,18,Men's Footwear,129.9900055
403,Nike Men's CJ Elite 2 TD Football Cleat,18,Men's Footwear,129.9900055
403,Nike Men's CJ Elite 2 TD Football Cleat,18,Men's Footwear,129.9900055
403,Nike Men's CJ Elite 2 TD Football Cleat,18,Men's Footwear,129.9900055
365,Perfect Fitness Perfect Rip Deck,17,Cleats,59.99000168
403,Nike Men's CJ Elite 2 TD Football Cleat,18,Men's Footwear,129.9900055
365,Perfect Fitness Perfect Rip Deck,17,Cleats,59.99000168
403,Nike Men's CJ Elite 2 TD Football Cleat,18,Men's Footwear,129.9900055
403,Nike Men's CJ Elite 2 TD Football Cleat,18,Men's Footwear,129.9900055
403,Nike Men's CJ Elite 2 TD Football Cleat,18,Men's Footwear,129.9900055
403,Nike Men's CJ Elite 2 TD Football Cleat,18,Men's Footwear,129.9900055
403,Nike Men's CJ Elite 2 TD Football Cleat,18,Men's Footwear,129.9900055
403,Nike Men's CJ Elite 2 TD Football Cleat,18,Men's Footwear,129.9900055
403,Nike Men's CJ Elite 2 TD Football Cleat,18,Men's Footwear,129.9900055
403,Nike Men's CJ Elite 2 TD Football Cleat,18,Men's Footwear,129.9900055
403,Nike Men's CJ Elite 2 TD Football Cleat,18,Men's Footwear,129.9900055
403,Nike Men's CJ Elite 2 TD Football Cleat,18,Men's Footwear,129.9900055
403,Nike Men's CJ Elite 2 TD Football Cleat,18,Men's Footwear,129.9900055
403,Nike Men's CJ Elite 2 TD Football Cleat,18,Men's Footwear,129.9900055
403,Nike Men's CJ Elite 2 TD Football Cleat,18,Men's Footwear,129.9900055
403,Nike Men's CJ Elite 2 TD Football Cleat,18,Men's Footwear,129.9900055
403,Nike Men's CJ Elite 2 TD Football Cleat,18,Men's Footwear,129.9900055
403,Nike Men's CJ Elite 2 TD Football Cleat,18,Men's Footwear,129.9900055
365,Perfect Fitness Perfect Rip Deck,17,Cleats,59.99000168
365,Perfect Fitness Perfect Rip Deck,17,Cleats,59.99000168
403,Nike Men's CJ Elite 2 TD Football Cleat,18,Men's Footwear,129.9900055
403,Nike Men's CJ Elite 2 TD Football Cleat,18,Men's Footwear,129.9900055
403,Nike Men's CJ Elite 2 TD Football Cleat,18,Men's Footwear,129.9900055
403,Nike Men's CJ Elite 2 TD Football Cleat,18,Men's Footwear,129.9900055
403,Nike Men's CJ Elite 2 TD Football Cleat,18,Men's Footwear,129.9900055
403,Nike Men's CJ Elite 2 TD Football Cleat,18,Men's Footwear,129.9900055
403,Nike Men's CJ Elite 2 TD Football Cleat,18,Men's Footwear,129.9900055
403,Nike Men's CJ Elite 2 TD Football Cleat,18,Men's Footwear,129.9900055
403,Nike Men's CJ Elite 2 TD Football Cleat,18,Men's Footwear,129.9900055
403,Nike Men's CJ Elite 2 TD Football Cleat,18,Men's Footwear,129.9900055
403,Nike Men's CJ Elite 2 TD Football Cleat,18,Men's Footwear,129.9900055
365,Perfect Fitness Perfect Rip Deck,17,Cleats,59.99000168
403,Nike Men's CJ Elite 2 TD Football Cleat,18,Men's Footwear,129.9900055
403,Nike Men's CJ Elite 2 TD Football Cleat,18,Men's Footwear,129.9900055
403,Nike Men's CJ Elite 2 TD Football Cleat,18,Men's Footwear,129.9900055
403,Nike Men's CJ Elite 2 TD Football Cleat,18,Men's Footwear,129.9900055
365,Perfect Fitness Perfect Rip Deck,17,Cleats,59.99000168
403,Nike Men's CJ Elite 2 TD Football Cleat,18,Men's Footwear,129.9900055
403,Nike Men's CJ Elite 2 TD Football Cleat,18,Men's Footwear,129.9900055
403,Nike Men's CJ Elite 2 TD Football Cleat,18,Men's Footwear,129.9900055
1350,Children's heaters,63,Children's Clothing,357.1000061
403,Nike Men's CJ Elite 2 TD Football Cleat,18,Men's Footwear,129.9900055
403,Nike Men's CJ Elite 2 TD Football Cleat,18,Men's Footwear,129.9900055
403,Nike Men's CJ Elite 2 TD Football Cleat,18,Men's Footwear,129.9900055
403,Nike Men's CJ Elite 2 TD Football Cleat,18,Men's Footwear,129.9900055
403,Nike Men's CJ Elite 2 TD Football Cleat,18,Men's Footwear,129.9900055
403,Nike Men's CJ Elite 2 TD Football Cleat,18,Men's Footwear,129.9900055
403,Nike Men's CJ Elite 2 TD Football Cleat,18,Men's Footwear,129.9900055
365,Perfect Fitness Perfect Rip Deck,17,Cleats,59.99000168
1353,Porcelain crafts,66,Crafts,461.480011
403,Nike Men's CJ Elite 2 TD Football Cleat,18,Men's Footwear,129.9900055
403,Nike Men's CJ Elite 2 TD Football Cleat,18,Men's Footwear,129.9900055
403,Nike Men's CJ Elite 2 TD Football Cleat,18,Men's Footwear,129.9900055
191,Nike Men's Free 5.0+ Running Shoe,9,Cardio Equipment,99.98999786
365,Perfect Fitness Perfect Rip Deck,17,Cleats,59.99000168
365,Perfect Fitness Perfect Rip Deck,17,Cleats,59.99000168
365,Perfect Fitness Perfect Rip Deck,17,Cleats,59.99000168
365,Perfect Fitness Perfect Rip Deck,17,Cleats,59.99000168
365,Perfect Fitness Perfect Rip Deck,17,Cleats,59.99000168
365,Perfect Fitness Perfect Rip Deck,17,Cleats,59.99000168
502,Nike Men's Dri-FIT Victory Golf Polo,24,Women's Apparel,50
627,Under Armour Girls' Toddler Spine Surge Runni,29,Shop By Sport,39.99000168
502,Nike Men's Dri-FIT Victory Golf Polo,24,Women's Apparel,50
502,Nike Men's Dri-FIT Victory Golf Polo,24,Women's Apparel,50
502,Nike Men's Dri-FIT Victory Golf Polo,24,Women's Apparel,50
502,Nike Men's Dri-FIT Victory Golf Polo,24,Women's Apparel,50
627,Under Armour Girls' Toddler Spine Surge Runni,29,Shop By Sport,39.99000168
502,Nike Men's Dri-FIT Victory Golf Polo,24,Women's Apparel,50
627,Under Armour Girls' Toddler Spine Surge Runni,29,Shop By Sport,39.99000168
502,Nike Men's Dri-FIT Victory Golf Polo,24,Women's Apparel,50
502,Nike Men's Dri-FIT Victory Golf Polo,24,Women's Apparel,50
905,Team Golf Texas Longhorns Putter Grip,40,Accessories,24.98999977
93,Under Armour Men's Tech II T-Shirt,5,Lacrosse,24.98999977
44,adidas Men's F10 Messi TRX FG Soccer Cleat,3,Baseball & Softball,59.99000168
191,Nike Men's Free 5.0+ Running Shoe,9,Cardio Equipment,99.98999786
191,Nike Men's Free 5.0+ Running Shoe,9,Cardio Equipment,99.98999786
191,Nike Men's Free 5.0+ Running Shoe,9,Cardio Equipment,99.98999786
191,Nike Men's Free 5.0+ Running Shoe,9,Cardio Equipment,99.98999786
191,Nike Men's Free 5.0+ Running Shoe,9,Cardio Equipment,99.98999786
191,Nike Men's Free 5.0+ Running Shoe,9,Cardio Equipment,99.98999786
191,Nike Men's Free 5.0+ Running Shoe,9,Cardio Equipment,99.98999786
282,Under Armour Women's Ignite PIP VI Slide,13,Electronics,31.98999977
191,Nike Men's Free 5.0+ Running Shoe,9,Cardio Equipment,99.98999786
278,Under Armour Men's Compression EV SL Slide,13,Electronics,44.99000168
191,Nike Men's Free 5.0+ Running Shoe,9,Cardio Equipment,99.98999786
191,Nike Men's Free 5.0+ Running Shoe,9,Cardio Equipment,99.98999786
191,Nike Men's Free 5.0+ Running Shoe,9,Cardio Equipment,99.98999786
191,Nike Men's Free 5.0+ Running Shoe,9,Cardio Equipment,99.98999786
191,Nike Men's Free 5.0+ Running Shoe,9,Cardio Equipment,99.98999786
191,Nike Men's Free 5.0+ Running Shoe,9,Cardio Equipment,99.98999786
191,Nike Men's Free 5.0+ Running Shoe,9,Cardio Equipment,99.98999786
365,Perfect Fitness Perfect Rip Deck,17,Cleats,59.99000168
365,Perfect Fitness Perfect Rip Deck,17,Cleats,59.99000168
365,Perfect Fitness Perfect Rip Deck,17,Cleats,59.99000168
365,Perfect Fitness Perfect Rip Deck,17,Cleats,59.99000168
365,Perfect Fitness Perfect Rip Deck,17,Cleats,59.99000168
365,Perfect Fitness Perfect Rip Deck,17,Cleats,59.99000168
365,Perfect Fitness Perfect Rip Deck,17,Cleats,59.99000168
365,Perfect Fitness Perfect Rip Deck,17,Cleats,59.99000168
365,Perfect Fitness Perfect Rip Deck,17,Cleats,59.99000168
365,Perfect Fitness Perfect Rip Deck,17,Cleats,59.99000168
365,Perfect Fitness Perfect Rip Deck,17,Cleats,59.99000168
365,Perfect Fitness Perfect Rip Deck,17,Cleats,59.99000168
365,Perfect Fitness Perfect Rip Deck,17,Cleats,59.99000168
365,Perfect Fitness Perfect Rip Deck,17,Cleats,59.99000168
365,Perfect Fitness Perfect Rip Deck,17,Cleats,59.99000168
191,Nike Men's Free 5.0+ Running Shoe,9,Cardio Equipment,99.98999786
365,Perfect Fitness Perfect Rip Deck,17,Cleats,59.99000168
365,Perfect Fitness Perfect Rip Deck,17,Cleats,59.99000168
365,Perfect Fitness Perfect Rip Deck,17,Cleats,59.99000168
365,Perfect Fitness Perfect Rip Deck,17,Cleats,59.99000168
365,Perfect Fitness Perfect Rip Deck,17,Cleats,59.99000168
365,Perfect Fitness Perfect Rip Deck,17,Cleats,59.99000168
365,Perfect Fitness Perfect Rip Deck,17,Cleats,59.99000168
502,Nike Men's Dri-FIT Victory Golf Polo,24,Women's Apparel,50
627,Under Armour Girls' Toddler Spine Surge Runni,29,Shop By Sport,39.99000168
502,Nike Men's Dri-FIT Victory Golf Polo,24,Women's Apparel,50
502,Nike Men's Dri-FIT Victory Golf Polo,24,Women's Apparel,50
502,Nike Men's Dri-FIT Victory Golf Polo,24,Women's Apparel,50
502,Nike Men's Dri-FIT Victory Golf Polo,24,Women's Apparel,50
502,Nike Men's Dri-FIT Victory Golf Polo,24,Women's Apparel,50
502,Nike Men's Dri-FIT Victory Golf Polo,24,Women's Apparel,50
502,Nike Men's Dri-FIT Victory Golf Polo,24,Women's Apparel,50
627,Under Armour Girls' Toddler Spine Surge Runni,29,Shop By Sport,39.99000168
502,Nike Men's Dri-FIT Victory Golf Polo,24,Women's Apparel,50
627,Under Armour Girls' Toddler Spine Surge Runni,29,Shop By Sport,39.99000168
627,Under Armour Girls' Toddler Spine Surge Runni,29,Shop By Sport,39.99000168
502,Nike Men's Dri-FIT Victory Golf Polo,24,Women's Apparel,50
502,Nike Men's Dri-FIT Victory Golf Polo,24,Women's Apparel,50
642,Columbia Men's PFG Anchor Tough T-Shirt,29,Shop By Sport,30
627,Under Armour Girls' Toddler Spine Surge Runni,29,Shop By Sport,39.99000168
502,Nike Men's Dri-FIT Victory Golf Polo,24,Women's Apparel,50
502,Nike Men's Dri-FIT Victory Golf Polo,24,Women's Apparel,50
627,Under Armour Girls' Toddler Spine Surge Runni,29,Shop By Sport,39.99000168
502,Nike Men's Dri-FIT Victory Golf Polo,24,Women's Apparel,50
502,Nike Men's Dri-FIT Victory Golf Polo,24,Women's Apparel,50
627,Under Armour Girls' Toddler Spine Surge Runni,29,Shop By Sport,39.99000168
502,Nike Men's Dri-FIT Victory Golf Polo,24,Women's Apparel,50
627,Under Armour Girls' Toddler Spine Surge Runni,29,Shop By Sport,39.99000168
502,Nike Men's Dri-FIT Victory Golf Polo,24,Women's Apparel,50
502,Nike Men's Dri-FIT Victory Golf Polo,24,Women's Apparel,50
502,Nike Men's Dri-FIT Victory Golf Polo,24,Women's Apparel,50
502,Nike Men's Dri-FIT Victory Golf Polo,24,Women's Apparel,50
627,Under Armour Girls' Toddler Spine Surge Runni,29,Shop By Sport,39.99000168
502,Nike Men's Dri-FIT Victory Golf Polo,24,Women's Apparel,50
502,Nike Men's Dri-FIT Victory Golf Polo,24,Women's Apparel,50
502,Nike Men's Dri-FIT Victory Golf Polo,24,Women's Apparel,50
818,Titleist Pro V1x Golf Balls,37,Electronics,47.99000168
825,Bridgestone e6 Straight Distance NFL Tennesse,37,Electronics,31.98999977
306,Polar FT4 Heart Rate Monitor,38,Kids' Golf Clubs,89.98999786
977,ENO Atlas Hammock Straps,44,Hunting & Shooting,29.98999977
44,adidas Men's F10 Messi TRX FG Soccer Cleat,3,Baseball & Softball,59.99000168
191,Nike Men's Free 5.0+ Running Shoe,9,Cardio Equipment,99.98999786
191,Nike Men's Free 5.0+ Running Shoe,9,Cardio Equipment,99.98999786
191,Nike Men's Free 5.0+ Running Shoe,9,Cardio Equipment,99.98999786
191,Nike Men's Free 5.0+ Running Shoe,9,Cardio Equipment,99.98999786
191,Nike Men's Free 5.0+ Running Shoe,9,Cardio Equipment,99.98999786
191,Nike Men's Free 5.0+ Running Shoe,9,Cardio Equipment,99.98999786
191,Nike Men's Free 5.0+ Running Shoe,9,Cardio Equipment,99.98999786
191,Nike Men's Free 5.0+ Running Shoe,9,Cardio Equipment,99.98999786
191,Nike Men's Free 5.0+ Running Shoe,9,Cardio Equipment,99.98999786
251,Brooks Women's Ghost 6 Running Shoe,12,Boxing & MMA,89.98999786
365,Perfect Fitness Perfect Rip Deck,17,Cleats,59.99000168
365,Perfect Fitness Perfect Rip Deck,17,Cleats,59.99000168
365,Perfect Fitness Perfect Rip Deck,17,Cleats,59.99000168
365,Perfect Fitness Perfect Rip Deck,17,Cleats,59.99000168
365,Perfect Fitness Perfect Rip Deck,17,Cleats,59.99000168
365,Perfect Fitness Perfect Rip Deck,17,Cleats,59.99000168
365,Perfect Fitness Perfect Rip Deck,17,Cleats,59.99000168
365,Perfect Fitness Perfect Rip Deck,17,Cleats,59.99000168
365,Perfect Fitness Perfect Rip Deck,17,Cleats,59.99000168
365,Perfect Fitness Perfect Rip Deck,17,Cleats,59.99000168
365,Perfect Fitness Perfect Rip Deck,17,Cleats,59.99000168
365,Perfect Fitness Perfect Rip Deck,17,Cleats,59.99000168
502,Nike Men's Dri-FIT Victory Golf Polo,24,Women's Apparel,50
502,Nike Men's Dri-FIT Victory Golf Polo,24,Women's Apparel,50
502,Nike Men's Dri-FIT Victory Golf Polo,24,Women's Apparel,50
627,Under Armour Girls' Toddler Spine Surge Runni,29,Shop By Sport,39.99000168
502,Nike Men's Dri-FIT Victory Golf Polo,24,Women's Apparel,50
502,Nike Men's Dri-FIT Victory Golf Polo,24,Women's Apparel,50
627,Under Armour Girls' Toddler Spine Surge Runni,29,Shop By Sport,39.99000168
627,Under Armour Girls' Toddler Spine Surge Runni,29,Shop By Sport,39.99000168
627,Under Armour Girls' Toddler Spine Surge Runni,29,Shop By Sport,39.99000168
502,Nike Men's Dri-FIT Victory Golf Polo,24,Women's Apparel,50
565,adidas Youth Germany Black/Red Away Match Soc,26,Girls' Apparel,70
567,adidas Men's Germany Black Crest Away Tee,26,Girls' Apparel,25
502,Nike Men's Dri-FIT Victory Golf Polo,24,Women's Apparel,50
502,Nike Men's Dri-FIT Victory Golf Polo,24,Women's Apparel,50
627,Under Armour Girls' Toddler Spine Surge Runni,29,Shop By Sport,39.99000168
627,Under Armour Girls' Toddler Spine Surge Runni,29,Shop By Sport,39.99000168
627,Under Armour Girls' Toddler Spine Surge Runni,29,Shop By Sport,39.99000168
502,Nike Men's Dri-FIT Victory Golf Polo,24,Women's Apparel,50
627,Under Armour Girls' Toddler Spine Surge Runni,29,Shop By Sport,39.99000168
502,Nike Men's Dri-FIT Victory Golf Polo,24,Women's Apparel,50
502,Nike Men's Dri-FIT Victory Golf Polo,24,Women's Apparel,50
627,Under Armour Girls' Toddler Spine Surge Runni,29,Shop By Sport,39.99000168
502,Nike Men's Dri-FIT Victory Golf Polo,24,Women's Apparel,50
502,Nike Men's Dri-FIT Victory Golf Polo,24,Women's Apparel,50
502,Nike Men's Dri-FIT Victory Golf Polo,24,Women's Apparel,50
627,Under Armour Girls' Toddler Spine Surge Runni,29,Shop By Sport,39.99000168
572,TYR Boys' Team Digi Jammer,26,Girls' Apparel,39.99000168
627,Under Armour Girls' Toddler Spine Surge Runni,29,Shop By Sport,39.99000168
627,Under Armour Girls' Toddler Spine Surge Runni,29,Shop By Sport,39.99000168
502,Nike Men's Dri-FIT Victory Golf Polo,24,Women's Apparel,50
502,Nike Men's Dri-FIT Victory Golf Polo,24,Women's Apparel,50
502,Nike Men's Dri-FIT Victory Golf Polo,24,Women's Apparel,50
627,Under Armour Girls' Toddler Spine Surge Runni,29,Shop By Sport,39.99000168
627,Under Armour Girls' Toddler Spine Surge Runni,29,Shop By Sport,39.99000168
502,Nike Men's Dri-FIT Victory Golf Polo,24,Women's Apparel,50
825,Bridgestone e6 Straight Distance NFL Tennesse,37,Electronics,31.98999977
905,Team Golf Texas Longhorns Putter Grip,40,Accessories,24.98999977
804,Glove It Women's Imperial Golf Glove,36,Golf Balls,19.98999977
822,Titleist Pro V1x High Numbers Golf Balls,37,Electronics,47.99000168
502,Nike Men's Dri-FIT Victory Golf Polo,24,Women's Apparel,50
502,Nike Men's Dri-FIT Victory Golf Polo,24,Women's Apparel,50
191,Nike Men's Free 5.0+ Running Shoe,9,Cardio Equipment,99.98999786
191,Nike Men's Free 5.0+ Running Shoe,9,Cardio Equipment,99.98999786
191,Nike Men's Free 5.0+ Running Shoe,9,Cardio Equipment,99.98999786
365,Perfect Fitness Perfect Rip Deck,17,Cleats,59.99000168
365,Perfect Fitness Perfect Rip Deck,17,Cleats,59.99000168
365,Perfect Fitness Perfect Rip Deck,17,Cleats,59.99000168
502,Nike Men's Dri-FIT Victory Golf Polo,24,Women's Apparel,50
627,Under Armour Girls' Toddler Spine Surge Runni,29,Shop By Sport,39.99000168
502,Nike Men's Dri-FIT Victory Golf Polo,24,Women's Apparel,50
823,Titleist Pro V1x High Numbers Personalized Go,37,Electronics,51.99000168
502,Nike Men's Dri-FIT Victory Golf Polo,24,Women's Apparel,50
282,Under Armour Women's Ignite PIP VI Slide,13,Electronics,31.98999977
365,Perfect Fitness Perfect Rip Deck,17,Cleats,59.99000168
365,Perfect Fitness Perfect Rip Deck,17,Cleats,59.99000168
365,Perfect Fitness Perfect Rip Deck,17,Cleats,59.99000168
365,Perfect Fitness Perfect Rip Deck,17,Cleats,59.99000168
365,Perfect Fitness Perfect Rip Deck,17,Cleats,59.99000168
365,Perfect Fitness Perfect Rip Deck,17,Cleats,59.99000168
365,Perfect Fitness Perfect Rip Deck,17,Cleats,59.99000168
365,Perfect Fitness Perfect Rip Deck,17,Cleats,59.99000168
365,Perfect Fitness Perfect Rip Deck,17,Cleats,59.99000168
365,Perfect Fitness Perfect Rip Deck,17,Cleats,59.99000168
627,Under Armour Girls' Toddler Spine Surge Runni,29,Shop By Sport,39.99000168
502,Nike Men's Dri-FIT Victory Golf Polo,24,Women's Apparel,50
627,Under Armour Girls' Toddler Spine Surge Runni,29,Shop By Sport,39.99000168
502,Nike Men's Dri-FIT Victory Golf Polo,24,Women's Apparel,50
565,adidas Youth Germany Black/Red Away Match Soc,26,Girls' Apparel,70
502,Nike Men's Dri-FIT Victory Golf Polo,24,Women's Apparel,50
567,adidas Men's Germany Black Crest Away Tee,26,Girls' Apparel,25
627,Under Armour Girls' Toddler Spine Surge Runni,29,Shop By Sport,39.99000168
627,Under Armour Girls' Toddler Spine Surge Runni,29,Shop By Sport,39.99000168
502,Nike Men's Dri-FIT Victory Golf Polo,24,Women's Apparel,50
502,Nike Men's Dri-FIT Victory Golf Polo,24,Women's Apparel,50
502,Nike Men's Dri-FIT Victory Golf Polo,24,Women's Apparel,50
502,Nike Men's Dri-FIT Victory Golf Polo,24,Women's Apparel,50
502,Nike Men's Dri-FIT Victory Golf Polo,24,Women's Apparel,50
572,TYR Boys' Team Digi Jammer,26,Girls' Apparel,39.99000168
627,Under Armour Girls' Toddler Spine Surge Runni,29,Shop By Sport,39.99000168
502,Nike Men's Dri-FIT Victory Golf Polo,24,Women's Apparel,50
502,Nike Men's Dri-FIT Victory Golf Polo,24,Women's Apparel,50
502,Nike Men's Dri-FIT Victory Golf Polo,24,Women's Apparel,50
502,Nike Men's Dri-FIT Victory Golf Polo,24,Women's Apparel,50
502,Nike Men's Dri-FIT Victory Golf Polo,24,Women's Apparel,50
627,Under Armour Girls' Toddler Spine Surge Runni,29,Shop By Sport,39.99000168
627,Under Armour Girls' Toddler Spine Surge Runni,29,Shop By Sport,39.99000168
502,Nike Men's Dri-FIT Victory Golf Polo,24,Women's Apparel,50
627,Under Armour Girls' Toddler Spine Surge Runni,29,Shop By Sport,39.99000168
502,Nike Men's Dri-FIT Victory Golf Polo,24,Women's Apparel,50
565,adidas Youth Germany Black/Red Away Match Soc,26,Girls' Apparel,70
818,Titleist Pro V1x Golf Balls,37,Electronics,47.99000168
897,Team Golf New England Patriots Putter Grip,40,Accessories,24.98999977
818,Titleist Pro V1x Golf Balls,37,Electronics,47.99000168
886,Team Golf San Francisco Giants Putter Grip,40,Accessories,24.98999977
905,Team Golf Texas Longhorns Putter Grip,40,Accessories,24.98999977
924,Glove It Urban Brick Golf Towel,41,Trade-In,15.98999977
893,Team Golf Pittsburgh Steelers Putter Grip,40,Accessories,24.98999977
365,Perfect Fitness Perfect Rip Deck,17,Cleats,59.99000168
365,Perfect Fitness Perfect Rip Deck,17,Cleats,59.99000168
365,Perfect Fitness Perfect Rip Deck,17,Cleats,59.99000168
365,Perfect Fitness Perfect Rip Deck,17,Cleats,59.99000168
365,Perfect Fitness Perfect Rip Deck,17,Cleats,59.99000168
365,Perfect Fitness Perfect Rip Deck,17,Cleats,59.99000168
627,Under Armour Girls' Toddler Spine Surge Runni,29,Shop By Sport,39.99000168
502,Nike Men's Dri-FIT Victory Golf Polo,24,Women's Apparel,50
502,Nike Men's Dri-FIT Victory Golf Polo,24,Women's Apparel,50
565,adidas Youth Germany Black/Red Away Match Soc,26,Girls' Apparel,70
502,Nike Men's Dri-FIT Victory Golf Polo,24,Women's Apparel,50
564,Nike Men's Deutschland Weltmeister Winners Bl,26,Girls' Apparel,30
502,Nike Men's Dri-FIT Victory Golf Polo,24,Women's Apparel,50
627,Under Armour Girls' Toddler Spine Surge Runni,29,Shop By Sport,39.99000168
886,Team Golf San Francisco Giants Putter Grip,40,Accessories,24.98999977
926,Glove It Imperial Golf Towel,41,Trade-In,15.98999977
828,Bridgestone e6 Straight Distance NFL San Dieg,37,Electronics,31.98999977
191,Nike Men's Free 5.0+ Running Shoe,9,Cardio Equipment,99.98999786
191,Nike Men's Free 5.0+ Running Shoe,9,Cardio Equipment,99.98999786
191,Nike Men's Free 5.0+ Running Shoe,9,Cardio Equipment,99.98999786
191,Nike Men's Free 5.0+ Running Shoe,9,Cardio Equipment,99.98999786
365,Perfect Fitness Perfect Rip Deck,17,Cleats,59.99000168
365,Perfect Fitness Perfect Rip Deck,17,Cleats,59.99000168
365,Perfect Fitness Perfect Rip Deck,17,Cleats,59.99000168
502,Nike Men's Dri-FIT Victory Golf Polo,24,Women's Apparel,50
502,Nike Men's Dri-FIT Victory Golf Polo,24,Women's Apparel,50
627,Under Armour Girls' Toddler Spine Surge Runni,29,Shop By Sport,39.99000168
502,Nike Men's Dri-FIT Victory Golf Polo,24,Women's Apparel,50
191,Nike Men's Free 5.0+ Running Shoe,9,Cardio Equipment,99.98999786
365,Perfect Fitness Perfect Rip Deck,17,Cleats,59.99000168
365,Perfect Fitness Perfect Rip Deck,17,Cleats,59.99000168
365,Perfect Fitness Perfect Rip Deck,17,Cleats,59.99000168
365,Perfect Fitness Perfect Rip Deck,17,Cleats,59.99000168
365,Perfect Fitness Perfect Rip Deck,17,Cleats,59.99000168
365,Perfect Fitness Perfect Rip Deck,17,Cleats,59.99000168
365,Perfect Fitness Perfect Rip Deck,17,Cleats,59.99000168
365,Perfect Fitness Perfect Rip Deck,17,Cleats,59.99000168
365,Perfect Fitness Perfect Rip Deck,17,Cleats,59.99000168
365,Perfect Fitness Perfect Rip Deck,17,Cleats,59.99000168
502,Nike Men's Dri-FIT Victory Golf Polo,24,Women's Apparel,50
627,Under Armour Girls' Toddler Spine Surge Runni,29,Shop By Sport,39.99000168
502,Nike Men's Dri-FIT Victory Golf Polo,24,Women's Apparel,50
502,Nike Men's Dri-FIT Victory Golf Polo,24,Women's Apparel,50
627,Under Armour Girls' Toddler Spine Surge Runni,29,Shop By Sport,39.99000168
627,Under Armour Girls' Toddler Spine Surge Runni,29,Shop By Sport,39.99000168
502,Nike Men's Dri-FIT Victory Golf Polo,24,Women's Apparel,50
502,Nike Men's Dri-FIT Victory Golf Polo,24,Women's Apparel,50
502,Nike Men's Dri-FIT Victory Golf Polo,24,Women's Apparel,50
502,Nike Men's Dri-FIT Victory Golf Polo,24,Women's Apparel,50
191,Nike Men's Free 5.0+ Running Shoe,9,Cardio Equipment,99.98999786
191,Nike Men's Free 5.0+ Running Shoe,9,Cardio Equipment,99.98999786
191,Nike Men's Free 5.0+ Running Shoe,9,Cardio Equipment,99.98999786
191,Nike Men's Free 5.0+ Running Shoe,9,Cardio Equipment,99.98999786
191,Nike Men's Free 5.0+ Running Shoe,9,Cardio Equipment,99.98999786
191,Nike Men's Free 5.0+ Running Shoe,9,Cardio Equipment,99.98999786
191,Nike Men's Free 5.0+ Running Shoe,9,Cardio Equipment,99.98999786
191,Nike Men's Free 5.0+ Running Shoe,9,Cardio Equipment,99.98999786
365,Perfect Fitness Perfect Rip Deck,17,Cleats,59.99000168
365,Perfect Fitness Perfect Rip Deck,17,Cleats,59.99000168
44,adidas Men's F10 Messi TRX FG Soccer Cleat,3,Baseball & Softball,59.99000168
191,Nike Men's Free 5.0+ Running Shoe,9,Cardio Equipment,99.98999786
191,Nike Men's Free 5.0+ Running Shoe,9,Cardio Equipment,99.98999786
191,Nike Men's Free 5.0+ Running Shoe,9,Cardio Equipment,99.98999786
365,Perfect Fitness Perfect Rip Deck,17,Cleats,59.99000168
365,Perfect Fitness Perfect Rip Deck,17,Cleats,59.99000168
365,Perfect Fitness Perfect Rip Deck,17,Cleats,59.99000168
365,Perfect Fitness Perfect Rip Deck,17,Cleats,59.99000168
365,Perfect Fitness Perfect Rip Deck,17,Cleats,59.99000168
365,Perfect Fitness Perfect Rip Deck,17,Cleats,59.99000168
365,Perfect Fitness Perfect Rip Deck,17,Cleats,59.99000168
365,Perfect Fitness Perfect Rip Deck,17,Cleats,59.99000168
365,Perfect Fitness Perfect Rip Deck,17,Cleats,59.99000168
135,Nike Dri-FIT Crew Sock 6 Pack,7,Hockey,22
135,Nike Dri-FIT Crew Sock 6 Pack,7,Hockey,22
135,Nike Dri-FIT Crew Sock 6 Pack,7,Hockey,22
1360,Smart watch ,73,Sporting Goods,327.75
1360,Smart watch ,73,Sporting Goods,327.75
1360,Smart watch ,73,Sporting Goods,327.75
1360,Smart watch ,73,Sporting Goods,327.75
1360,Smart watch ,73,Sporting Goods,327.75
1360,Smart watch ,73,Sporting Goods,327.75
1360,Smart watch ,73,Sporting Goods,327.75
1360,Smart watch ,73,Sporting Goods,327.75
1360,Smart watch ,73,Sporting Goods,327.75
1360,Smart watch ,73,Sporting Goods,327.75
1360,Smart watch ,73,Sporting Goods,327.75
1360,Smart watch ,73,Sporting Goods,327.75
1360,Smart watch ,73,Sporting Goods,327.75
1360,Smart watch ,73,Sporting Goods,327.75
1360,Smart watch ,73,Sporting Goods,327.75
1360,Smart watch ,73,Sporting Goods,327.75
1360,Smart watch ,73,Sporting Goods,327.75
1360,Smart watch ,73,Sporting Goods,327.75
1360,Smart watch ,73,Sporting Goods,327.75
1360,Smart watch ,73,Sporting Goods,327.75
1360,Smart watch ,73,Sporting Goods,327.75
1360,Smart watch ,73,Sporting Goods,327.75
1360,Smart watch ,73,Sporting Goods,327.75
1360,Smart watch ,73,Sporting Goods,327.75
1360,Smart watch ,73,Sporting Goods,327.75
1360,Smart watch ,73,Sporting Goods,327.75
1360,Smart watch ,73,Sporting Goods,327.75
1360,Smart watch ,73,Sporting Goods,327.75
1360,Smart watch ,73,Sporting Goods,327.75
1360,Smart watch ,73,Sporting Goods,327.75
1360,Smart watch ,73,Sporting Goods,327.75
1360,Smart watch ,73,Sporting Goods,327.75
1360,Smart watch ,73,Sporting Goods,327.75
1360,Smart watch ,73,Sporting Goods,327.75
1360,Smart watch ,73,Sporting Goods,327.75
1360,Smart watch ,73,Sporting Goods,327.75
1360,Smart watch ,73,Sporting Goods,327.75
1360,Smart watch ,73,Sporting Goods,327.75
1360,Smart watch ,73,Sporting Goods,327.75
1360,Smart watch ,73,Sporting Goods,327.75
1360,Smart watch ,73,Sporting Goods,327.75
1360,Smart watch ,73,Sporting Goods,327.75
1360,Smart watch ,73,Sporting Goods,327.75
1360,Smart watch ,73,Sporting Goods,327.75
1360,Smart watch ,73,Sporting Goods,327.75
1360,Smart watch ,73,Sporting Goods,327.75
1360,Smart watch ,73,Sporting Goods,327.75
1360,Smart watch ,73,Sporting Goods,327.75
365,Perfect Fitness Perfect Rip Deck,17,Cleats,59.99000168
627,Under Armour Girls' Toddler Spine Surge Runni,29,Shop By Sport,39.99000168
502,Nike Men's Dri-FIT Victory Golf Polo,24,Women's Apparel,50
627,Under Armour Girls' Toddler Spine Surge Runni,29,Shop By Sport,39.99000168
502,Nike Men's Dri-FIT Victory Golf Polo,24,Women's Apparel,50
502,Nike Men's Dri-FIT Victory Golf Polo,24,Women's Apparel,50
502,Nike Men's Dri-FIT Victory Golf Polo,24,Women's Apparel,50
403,Nike Men's CJ Elite 2 TD Football Cleat,18,Men's Footwear,129.9900055
403,Nike Men's CJ Elite 2 TD Football Cleat,18,Men's Footwear,129.9900055
365,Perfect Fitness Perfect Rip Deck,17,Cleats,59.99000168
403,Nike Men's CJ Elite 2 TD Football Cleat,18,Men's Footwear,129.9900055
403,Nike Men's CJ Elite 2 TD Football Cleat,18,Men's Footwear,129.9900055
403,Nike Men's CJ Elite 2 TD Football Cleat,18,Men's Footwear,129.9900055
1363,Summer dresses,76,Women's Clothing,215.8200073
403,Nike Men's CJ Elite 2 TD Football Cleat,18,Men's Footwear,129.9900055
403,Nike Men's CJ Elite 2 TD Football Cleat,18,Men's Footwear,129.9900055
403,Nike Men's CJ Elite 2 TD Football Cleat,18,Men's Footwear,129.9900055
403,Nike Men's CJ Elite 2 TD Football Cleat,18,Men's Footwear,129.9900055
365,Perfect Fitness Perfect Rip Deck,17,Cleats,59.99000168
403,Nike Men's CJ Elite 2 TD Football Cleat,18,Men's Footwear,129.9900055
403,Nike Men's CJ Elite 2 TD Football Cleat,18,Men's Footwear,129.9900055
403,Nike Men's CJ Elite 2 TD Football Cleat,18,Men's Footwear,129.9900055
1353,Porcelain crafts,66,Crafts,461.480011
403,Nike Men's CJ Elite 2 TD Football Cleat,18,Men's Footwear,129.9900055
365,Perfect Fitness Perfect Rip Deck,17,Cleats,59.99000168
403,Nike Men's CJ Elite 2 TD Football Cleat,18,Men's Footwear,129.9900055
403,Nike Men's CJ Elite 2 TD Football Cleat,18,Men's Footwear,129.9900055
403,Nike Men's CJ Elite 2 TD Football Cleat,18,Men's Footwear,129.9900055
403,Nike Men's CJ Elite 2 TD Football Cleat,18,Men's Footwear,129.9900055
403,Nike Men's CJ Elite 2 TD Football Cleat,18,Men's Footwear,129.9900055
403,Nike Men's CJ Elite 2 TD Football Cleat,18,Men's Footwear,129.9900055
403,Nike Men's CJ Elite 2 TD Football Cleat,18,Men's Footwear,129.9900055
403,Nike Men's CJ Elite 2 TD Football Cleat,18,Men's Footwear,129.9900055
403,Nike Men's CJ Elite 2 TD Football Cleat,18,Men's Footwear,129.9900055
403,Nike Men's CJ Elite 2 TD Football Cleat,18,Men's Footwear,129.9900055
403,Nike Men's CJ Elite 2 TD Football Cleat,18,Men's Footwear,129.9900055
1363,Summer dresses,76,Women's Clothing,215.8200073
365,Perfect Fitness Perfect Rip Deck,17,Cleats,59.99000168
403,Nike Men's CJ Elite 2 TD Football Cleat,18,Men's Footwear,129.9900055
403,Nike Men's CJ Elite 2 TD Football Cleat,18,Men's Footwear,129.9900055
1363,Summer dresses,76,Women's Clothing,215.8200073
403,Nike Men's CJ Elite 2 TD Football Cleat,18,Men's Footwear,129.9900055
403,Nike Men's CJ Elite 2 TD Football Cleat,18,Men's Footwear,129.9900055
1363,Summer dresses,76,Women's Clothing,215.8200073
1353,Porcelain crafts,66,Crafts,461.480011
403,Nike Men's CJ Elite 2 TD Football Cleat,18,Men's Footwear,129.9900055
1363,Summer dresses,76,Women's Clothing,215.8200073
403,Nike Men's CJ Elite 2 TD Football Cleat,18,Men's Footwear,129.9900055
403,Nike Men's CJ Elite 2 TD Football Cleat,18,Men's Footwear,129.9900055
403,Nike Men's CJ Elite 2 TD Football Cleat,18,Men's Footwear,129.9900055
365,Perfect Fitness Perfect Rip Deck,17,Cleats,59.99000168
1357,Men's gala suit,70,Men's Clothing,210.8500061
1360,Smart watch ,73,Sporting Goods,327.75
1360,Smart watch ,73,Sporting Goods,327.75
1360,Smart watch ,73,Sporting Goods,327.75
1360,Smart watch ,73,Sporting Goods,327.75
1360,Smart watch ,73,Sporting Goods,327.75
1360,Smart watch ,73,Sporting Goods,327.75
1360,Smart watch ,73,Sporting Goods,327.75
1360,Smart watch ,73,Sporting Goods,327.75
1360,Smart watch ,73,Sporting Goods,327.75
1360,Smart watch ,73,Sporting Goods,327.75
1360,Smart watch ,73,Sporting Goods,327.75
1360,Smart watch ,73,Sporting Goods,327.75
1360,Smart watch ,73,Sporting Goods,327.75
1360,Smart watch ,73,Sporting Goods,327.75
1360,Smart watch ,73,Sporting Goods,327.75
1360,Smart watch ,73,Sporting Goods,327.75
1360,Smart watch ,73,Sporting Goods,327.75
1360,Smart watch ,73,Sporting Goods,327.75
1360,Smart watch ,73,Sporting Goods,327.75
1360,Smart watch ,73,Sporting Goods,327.75
1360,Smart watch ,73,Sporting Goods,327.75
1360,Smart watch ,73,Sporting Goods,327.75
1360,Smart watch ,73,Sporting Goods,327.75
1360,Smart watch ,73,Sporting Goods,327.75
1360,Smart watch ,73,Sporting Goods,327.75
1360,Smart watch ,73,Sporting Goods,327.75
1360,Smart watch ,73,Sporting Goods,327.75
1360,Smart watch ,73,Sporting Goods,327.75
1360,Smart watch ,73,Sporting Goods,327.75
1360,Smart watch ,73,Sporting Goods,327.75
1360,Smart watch ,73,Sporting Goods,327.75
1360,Smart watch ,73,Sporting Goods,327.75
1360,Smart watch ,73,Sporting Goods,327.75
1360,Smart watch ,73,Sporting Goods,327.75
1360,Smart watch ,73,Sporting Goods,327.75
1360,Smart watch ,73,Sporting Goods,327.75
1360,Smart watch ,73,Sporting Goods,327.75
1360,Smart watch ,73,Sporting Goods,327.75
1360,Smart watch ,73,Sporting Goods,327.75
1360,Smart watch ,73,Sporting Goods,327.75
1360,Smart watch ,73,Sporting Goods,327.75
1360,Smart watch ,73,Sporting Goods,327.75
1360,Smart watch ,73,Sporting Goods,327.75
1360,Smart watch ,73,Sporting Goods,327.75
1360,Smart watch ,73,Sporting Goods,327.75
1360,Smart watch ,73,Sporting Goods,327.75
1360,Smart watch ,73,Sporting Goods,327.75
1360,Smart watch ,73,Sporting Goods,327.75
1360,Smart watch ,73,Sporting Goods,327.75
1360,Smart watch ,73,Sporting Goods,327.75
1360,Smart watch ,73,Sporting Goods,327.75
1360,Smart watch ,73,Sporting Goods,327.75
1360,Smart watch ,73,Sporting Goods,327.75
1360,Smart watch ,73,Sporting Goods,327.75
1360,Smart watch ,73,Sporting Goods,327.75
1360,Smart watch ,73,Sporting Goods,327.75
1360,Smart watch ,73,Sporting Goods,327.75
1360,Smart watch ,73,Sporting Goods,327.75
1360,Smart watch ,73,Sporting Goods,327.75
1360,Smart watch ,73,Sporting Goods,327.75
1360,Smart watch ,73,Sporting Goods,327.75
1360,Smart watch ,73,Sporting Goods,327.75
1360,Smart watch ,73,Sporting Goods,327.75
1360,Smart watch ,73,Sporting Goods,327.75
1360,Smart watch ,73,Sporting Goods,327.75
1360,Smart watch ,73,Sporting Goods,327.75
1360,Smart watch ,73,Sporting Goods,327.75
1360,Smart watch ,73,Sporting Goods,327.75
1360,Smart watch ,73,Sporting Goods,327.75
1360,Smart watch ,73,Sporting Goods,327.75
1360,Smart watch ,73,Sporting Goods,327.75
1360,Smart watch ,73,Sporting Goods,327.75
1360,Smart watch ,73,Sporting Goods,327.75
1360,Smart watch ,73,Sporting Goods,327.75
1360,Smart watch ,73,Sporting Goods,327.75
1360,Smart watch ,73,Sporting Goods,327.75
1360,Smart watch ,73,Sporting Goods,327.75
1360,Smart watch ,73,Sporting Goods,327.75
1360,Smart watch ,73,Sporting Goods,327.75
1360,Smart watch ,73,Sporting Goods,327.75
1360,Smart watch ,73,Sporting Goods,327.75
1360,Smart watch ,73,Sporting Goods,327.75
1360,Smart watch ,73,Sporting Goods,327.75
1360,Smart watch ,73,Sporting Goods,327.75
1360,Smart watch ,73,Sporting Goods,327.75
1360,Smart watch ,73,Sporting Goods,327.75
1360,Smart watch ,73,Sporting Goods,327.75
1360,Smart watch ,73,Sporting Goods,327.75
1360,Smart watch ,73,Sporting Goods,327.75
1360,Smart watch ,73,Sporting Goods,327.75
1360,Smart watch ,73,Sporting Goods,327.75
1360,Smart watch ,73,Sporting Goods,327.75
1360,Smart watch ,73,Sporting Goods,327.75
1360,Smart watch ,73,Sporting Goods,327.75
1360,Smart watch ,73,Sporting Goods,327.75
1360,Smart watch ,73,Sporting Goods,327.75
191,Nike Men's Free 5.0+ Running Shoe,9,Cardio Equipment,99.98999786
627,Under Armour Girls' Toddler Spine Surge Runni,29,Shop By Sport,39.99000168
191,Nike Men's Free 5.0+ Running Shoe,9,Cardio Equipment,99.98999786
365,Perfect Fitness Perfect Rip Deck,17,Cleats,59.99000168
365,Perfect Fitness Perfect Rip Deck,17,Cleats,59.99000168
365,Perfect Fitness Perfect Rip Deck,17,Cleats,59.99000168
365,Perfect Fitness Perfect Rip Deck,17,Cleats,59.99000168
365,Perfect Fitness Perfect Rip Deck,17,Cleats,59.99000168
502,Nike Men's Dri-FIT Victory Golf Polo,24,Women's Apparel,50
627,Under Armour Girls' Toddler Spine Surge Runni,29,Shop By Sport,39.99000168
917,Glove It Women's Mod Oval 3-Zip Carry All Gol,41,Trade-In,21.98999977
924,Glove It Urban Brick Golf Towel,41,Trade-In,15.98999977
885,Team Golf St. Louis Cardinals Putter Grip,40,Accessories,24.98999977
365,Perfect Fitness Perfect Rip Deck,17,Cleats,59.99000168
365,Perfect Fitness Perfect Rip Deck,17,Cleats,59.99000168
365,Perfect Fitness Perfect Rip Deck,17,Cleats,59.99000168
627,Under Armour Girls' Toddler Spine Surge Runni,29,Shop By Sport,39.99000168
502,Nike Men's Dri-FIT Victory Golf Polo,24,Women's Apparel,50
627,Under Armour Girls' Toddler Spine Surge Runni,29,Shop By Sport,39.99000168
502,Nike Men's Dri-FIT Victory Golf Polo,24,Women's Apparel,50
627,Under Armour Girls' Toddler Spine Surge Runni,29,Shop By Sport,39.99000168
502,Nike Men's Dri-FIT Victory Golf Polo,24,Women's Apparel,50
885,Team Golf St. Louis Cardinals Putter Grip,40,Accessories,24.98999977
191,Nike Men's Free 5.0+ Running Shoe,9,Cardio Equipment,99.98999786
191,Nike Men's Free 5.0+ Running Shoe,9,Cardio Equipment,99.98999786
191,Nike Men's Free 5.0+ Running Shoe,9,Cardio Equipment,99.98999786
37,adidas Kids' F5 Messi FG Soccer Cleat,3,Baseball & Softball,34.99000168
282,Under Armour Women's Ignite PIP VI Slide,13,Electronics,31.98999977
172,Nike Women's Tempo Shorts,9,Cardio Equipment,30
191,Nike Men's Free 5.0+ Running Shoe,9,Cardio Equipment,99.98999786
191,Nike Men's Free 5.0+ Running Shoe,9,Cardio Equipment,99.98999786
191,Nike Men's Free 5.0+ Running Shoe,9,Cardio Equipment,99.98999786
191,Nike Men's Free 5.0+ Running Shoe,9,Cardio Equipment,99.98999786
191,Nike Men's Free 5.0+ Running Shoe,9,Cardio Equipment,99.98999786
276,Under Armour Women's Ignite Slide,13,Electronics,31.98999977
191,Nike Men's Free 5.0+ Running Shoe,9,Cardio Equipment,99.98999786
365,Perfect Fitness Perfect Rip Deck,17,Cleats,59.99000168
365,Perfect Fitness Perfect Rip Deck,17,Cleats,59.99000168
365,Perfect Fitness Perfect Rip Deck,17,Cleats,59.99000168
365,Perfect Fitness Perfect Rip Deck,17,Cleats,59.99000168
365,Perfect Fitness Perfect Rip Deck,17,Cleats,59.99000168
365,Perfect Fitness Perfect Rip Deck,17,Cleats,59.99000168
365,Perfect Fitness Perfect Rip Deck,17,Cleats,59.99000168
365,Perfect Fitness Perfect Rip Deck,17,Cleats,59.99000168
365,Perfect Fitness Perfect Rip Deck,17,Cleats,59.99000168
365,Perfect Fitness Perfect Rip Deck,17,Cleats,59.99000168
627,Under Armour Girls' Toddler Spine Surge Runni,29,Shop By Sport,39.99000168
502,Nike Men's Dri-FIT Victory Golf Polo,24,Women's Apparel,50
502,Nike Men's Dri-FIT Victory Golf Polo,24,Women's Apparel,50
627,Under Armour Girls' Toddler Spine Surge Runni,29,Shop By Sport,39.99000168
502,Nike Men's Dri-FIT Victory Golf Polo,24,Women's Apparel,50
502,Nike Men's Dri-FIT Victory Golf Polo,24,Women's Apparel,50
502,Nike Men's Dri-FIT Victory Golf Polo,24,Women's Apparel,50
502,Nike Men's Dri-FIT Victory Golf Polo,24,Women's Apparel,50
502,Nike Men's Dri-FIT Victory Golf Polo,24,Women's Apparel,50
403,Nike Men's CJ Elite 2 TD Football Cleat,18,Men's Footwear,129.9900055
403,Nike Men's CJ Elite 2 TD Football Cleat,18,Men's Footwear,129.9900055
403,Nike Men's CJ Elite 2 TD Football Cleat,18,Men's Footwear,129.9900055
403,Nike Men's CJ Elite 2 TD Football Cleat,18,Men's Footwear,129.9900055
1363,Summer dresses,76,Women's Clothing,215.8200073
403,Nike Men's CJ Elite 2 TD Football Cleat,18,Men's Footwear,129.9900055
403,Nike Men's CJ Elite 2 TD Football Cleat,18,Men's Footwear,129.9900055
403,Nike Men's CJ Elite 2 TD Football Cleat,18,Men's Footwear,129.9900055
1350,Children's heaters,63,Children's Clothing,357.1000061
403,Nike Men's CJ Elite 2 TD Football Cleat,18,Men's Footwear,129.9900055
365,Perfect Fitness Perfect Rip Deck,17,Cleats,59.99000168
403,Nike Men's CJ Elite 2 TD Football Cleat,18,Men's Footwear,129.9900055
403,Nike Men's CJ Elite 2 TD Football Cleat,18,Men's Footwear,129.9900055
403,Nike Men's CJ Elite 2 TD Football Cleat,18,Men's Footwear,129.9900055
403,Nike Men's CJ Elite 2 TD Football Cleat,18,Men's Footwear,129.9900055
403,Nike Men's CJ Elite 2 TD Football Cleat,18,Men's Footwear,129.9900055
278,Under Armour Men's Compression EV SL Slide,13,Electronics,44.99000168
249,Under Armour Women's Micro G Skulpt Running S,12,Boxing & MMA,54.97000122
365,Perfect Fitness Perfect Rip Deck,17,Cleats,59.99000168
365,Perfect Fitness Perfect Rip Deck,17,Cleats,59.99000168
278,Under Armour Men's Compression EV SL Slide,13,Electronics,44.99000168
191,Nike Men's Free 5.0+ Running Shoe,9,Cardio Equipment,99.98999786
191,Nike Men's Free 5.0+ Running Shoe,9,Cardio Equipment,99.98999786
191,Nike Men's Free 5.0+ Running Shoe,9,Cardio Equipment,99.98999786
365,Perfect Fitness Perfect Rip Deck,17,Cleats,59.99000168
365,Perfect Fitness Perfect Rip Deck,17,Cleats,59.99000168
365,Perfect Fitness Perfect Rip Deck,17,Cleats,59.99000168
627,Under Armour Girls' Toddler Spine Surge Runni,29,Shop By Sport,39.99000168
567,adidas Men's Germany Black Crest Away Tee,26,Girls' Apparel,25
502,Nike Men's Dri-FIT Victory Golf Polo,24,Women's Apparel,50
502,Nike Men's Dri-FIT Victory Golf Polo,24,Women's Apparel,50
502,Nike Men's Dri-FIT Victory Golf Polo,24,Women's Apparel,50
627,Under Armour Girls' Toddler Spine Surge Runni,29,Shop By Sport,39.99000168
627,Under Armour Girls' Toddler Spine Surge Runni,29,Shop By Sport,39.99000168
893,Team Golf Pittsburgh Steelers Putter Grip,40,Accessories,24.98999977
924,Glove It Urban Brick Golf Towel,41,Trade-In,15.98999977
365,Perfect Fitness Perfect Rip Deck,17,Cleats,59.99000168
116,Nike Men's Comfort 2 Slide,6,Tennis & Racquet,44.99000168
191,Nike Men's Free 5.0+ Running Shoe,9,Cardio Equipment,99.98999786
191,Nike Men's Free 5.0+ Running Shoe,9,Cardio Equipment,99.98999786
365,Perfect Fitness Perfect Rip Deck,17,Cleats,59.99000168
502,Nike Men's Dri-FIT Victory Golf Polo,24,Women's Apparel,50
502,Nike Men's Dri-FIT Victory Golf Polo,24,Women's Apparel,50
502,Nike Men's Dri-FIT Victory Golf Polo,24,Women's Apparel,50
282,Under Armour Women's Ignite PIP VI Slide,13,Electronics,31.98999977
365,Perfect Fitness Perfect Rip Deck,17,Cleats,59.99000168
365,Perfect Fitness Perfect Rip Deck,17,Cleats,59.99000168
365,Perfect Fitness Perfect Rip Deck,17,Cleats,59.99000168
365,Perfect Fitness Perfect Rip Deck,17,Cleats,59.99000168
365,Perfect Fitness Perfect Rip Deck,17,Cleats,59.99000168
627,Under Armour Girls' Toddler Spine Surge Runni,29,Shop By Sport,39.99000168
502,Nike Men's Dri-FIT Victory Golf Polo,24,Women's Apparel,50
365,Perfect Fitness Perfect Rip Deck,17,Cleats,59.99000168
365,Perfect Fitness Perfect Rip Deck,17,Cleats,59.99000168
627,Under Armour Girls' Toddler Spine Surge Runni,29,Shop By Sport,39.99000168
502,Nike Men's Dri-FIT Victory Golf Polo,24,Women's Apparel,50
502,Nike Men's Dri-FIT Victory Golf Polo,24,Women's Apparel,50
893,Team Golf Pittsburgh Steelers Putter Grip,40,Accessories,24.98999977
191,Nike Men's Free 5.0+ Running Shoe,9,Cardio Equipment,99.98999786
191,Nike Men's Free 5.0+ Running Shoe,9,Cardio Equipment,99.98999786
365,Perfect Fitness Perfect Rip Deck,17,Cleats,59.99000168
365,Perfect Fitness Perfect Rip Deck,17,Cleats,59.99000168
365,Perfect Fitness Perfect Rip Deck,17,Cleats,59.99000168
572,TYR Boys' Team Digi Jammer,26,Girls' Apparel,39.99000168
502,Nike Men's Dri-FIT Victory Golf Polo,24,Women's Apparel,50
502,Nike Men's Dri-FIT Victory Golf Polo,24,Women's Apparel,50
502,Nike Men's Dri-FIT Victory Golf Polo,24,Women's Apparel,50
828,Bridgestone e6 Straight Distance NFL San Dieg,37,Electronics,31.98999977
278,Under Armour Men's Compression EV SL Slide,13,Electronics,44.99000168
191,Nike Men's Free 5.0+ Running Shoe,9,Cardio Equipment,99.98999786
191,Nike Men's Free 5.0+ Running Shoe,9,Cardio Equipment,99.98999786
191,Nike Men's Free 5.0+ Running Shoe,9,Cardio Equipment,99.98999786
278,Under Armour Men's Compression EV SL Slide,13,Electronics,44.99000168
365,Perfect Fitness Perfect Rip Deck,17,Cleats,59.99000168
365,Perfect Fitness Perfect Rip Deck,17,Cleats,59.99000168
365,Perfect Fitness Perfect Rip Deck,17,Cleats,59.99000168
365,Perfect Fitness Perfect Rip Deck,17,Cleats,59.99000168
365,Perfect Fitness Perfect Rip Deck,17,Cleats,59.99000168
365,Perfect Fitness Perfect Rip Deck,17,Cleats,59.99000168
365,Perfect Fitness Perfect Rip Deck,17,Cleats,59.99000168
502,Nike Men's Dri-FIT Victory Golf Polo,24,Women's Apparel,50
502,Nike Men's Dri-FIT Victory Golf Polo,24,Women's Apparel,50
502,Nike Men's Dri-FIT Victory Golf Polo,24,Women's Apparel,50
627,Under Armour Girls' Toddler Spine Surge Runni,29,Shop By Sport,39.99000168
502,Nike Men's Dri-FIT Victory Golf Polo,24,Women's Apparel,50
502,Nike Men's Dri-FIT Victory Golf Polo,24,Women's Apparel,50
502,Nike Men's Dri-FIT Victory Golf Polo,24,Women's Apparel,50
502,Nike Men's Dri-FIT Victory Golf Polo,24,Women's Apparel,50
502,Nike Men's Dri-FIT Victory Golf Polo,24,Women's Apparel,50
502,Nike Men's Dri-FIT Victory Golf Polo,24,Women's Apparel,50
886,Team Golf San Francisco Giants Putter Grip,40,Accessories,24.98999977
818,Titleist Pro V1x Golf Balls,37,Electronics,47.99000168
37,adidas Kids' F5 Messi FG Soccer Cleat,3,Baseball & Softball,34.99000168
93,Under Armour Men's Tech II T-Shirt,5,Lacrosse,24.98999977
276,Under Armour Women's Ignite Slide,13,Electronics,31.98999977
191,Nike Men's Free 5.0+ Running Shoe,9,Cardio Equipment,99.98999786
191,Nike Men's Free 5.0+ Running Shoe,9,Cardio Equipment,99.98999786
191,Nike Men's Free 5.0+ Running Shoe,9,Cardio Equipment,99.98999786
191,Nike Men's Free 5.0+ Running Shoe,9,Cardio Equipment,99.98999786
365,Perfect Fitness Perfect Rip Deck,17,Cleats,59.99000168
365,Perfect Fitness Perfect Rip Deck,17,Cleats,59.99000168
365,Perfect Fitness Perfect Rip Deck,17,Cleats,59.99000168
365,Perfect Fitness Perfect Rip Deck,17,Cleats,59.99000168
365,Perfect Fitness Perfect Rip Deck,17,Cleats,59.99000168
365,Perfect Fitness Perfect Rip Deck,17,Cleats,59.99000168
365,Perfect Fitness Perfect Rip Deck,17,Cleats,59.99000168
627,Under Armour Girls' Toddler Spine Surge Runni,29,Shop By Sport,39.99000168
627,Under Armour Girls' Toddler Spine Surge Runni,29,Shop By Sport,39.99000168
627,Under Armour Girls' Toddler Spine Surge Runni,29,Shop By Sport,39.99000168
502,Nike Men's Dri-FIT Victory Golf Polo,24,Women's Apparel,50
627,Under Armour Girls' Toddler Spine Surge Runni,29,Shop By Sport,39.99000168
502,Nike Men's Dri-FIT Victory Golf Polo,24,Women's Apparel,50
627,Under Armour Girls' Toddler Spine Surge Runni,29,Shop By Sport,39.99000168
502,Nike Men's Dri-FIT Victory Golf Polo,24,Women's Apparel,50
627,Under Armour Girls' Toddler Spine Surge Runni,29,Shop By Sport,39.99000168
502,Nike Men's Dri-FIT Victory Golf Polo,24,Women's Apparel,50
502,Nike Men's Dri-FIT Victory Golf Polo,24,Women's Apparel,50
627,Under Armour Girls' Toddler Spine Surge Runni,29,Shop By Sport,39.99000168
797,Hirzl Women's Soffft Flex Golf Glove,36,Golf Balls,17.98999977
825,Bridgestone e6 Straight Distance NFL Tennesse,37,Electronics,31.98999977
926,Glove It Imperial Golf Towel,41,Trade-In,15.98999977
906,Team Golf Tennessee Volunteers Putter Grip,40,Accessories,24.98999977
93,Under Armour Men's Tech II T-Shirt,5,Lacrosse,24.98999977
191,Nike Men's Free 5.0+ Running Shoe,9,Cardio Equipment,99.98999786
191,Nike Men's Free 5.0+ Running Shoe,9,Cardio Equipment,99.98999786
191,Nike Men's Free 5.0+ Running Shoe,9,Cardio Equipment,99.98999786
365,Perfect Fitness Perfect Rip Deck,17,Cleats,59.99000168
365,Perfect Fitness Perfect Rip Deck,17,Cleats,59.99000168
365,Perfect Fitness Perfect Rip Deck,17,Cleats,59.99000168
365,Perfect Fitness Perfect Rip Deck,17,Cleats,59.99000168
502,Nike Men's Dri-FIT Victory Golf Polo,24,Women's Apparel,50
502,Nike Men's Dri-FIT Victory Golf Polo,24,Women's Apparel,50
502,Nike Men's Dri-FIT Victory Golf Polo,24,Women's Apparel,50
825,Bridgestone e6 Straight Distance NFL Tennesse,37,Electronics,31.98999977
822,Titleist Pro V1x High Numbers Golf Balls,37,Electronics,47.99000168
365,Perfect Fitness Perfect Rip Deck,17,Cleats,59.99000168
365,Perfect Fitness Perfect Rip Deck,17,Cleats,59.99000168
627,Under Armour Girls' Toddler Spine Surge Runni,29,Shop By Sport,39.99000168
502,Nike Men's Dri-FIT Victory Golf Polo,24,Women's Apparel,50
502,Nike Men's Dri-FIT Victory Golf Polo,24,Women's Apparel,50
191,Nike Men's Free 5.0+ Running Shoe,9,Cardio Equipment,99.98999786
191,Nike Men's Free 5.0+ Running Shoe,9,Cardio Equipment,99.98999786
191,Nike Men's Free 5.0+ Running Shoe,9,Cardio Equipment,99.98999786
191,Nike Men's Free 5.0+ Running Shoe,9,Cardio Equipment,99.98999786
249,Under Armour Women's Micro G Skulpt Running S,12,Boxing & MMA,54.97000122
191,Nike Men's Free 5.0+ Running Shoe,9,Cardio Equipment,99.98999786
191,Nike Men's Free 5.0+ Running Shoe,9,Cardio Equipment,99.98999786
191,Nike Men's Free 5.0+ Running Shoe,9,Cardio Equipment,99.98999786
365,Perfect Fitness Perfect Rip Deck,17,Cleats,59.99000168
365,Perfect Fitness Perfect Rip Deck,17,Cleats,59.99000168
365,Perfect Fitness Perfect Rip Deck,17,Cleats,59.99000168
365,Perfect Fitness Perfect Rip Deck,17,Cleats,59.99000168
365,Perfect Fitness Perfect Rip Deck,17,Cleats,59.99000168
365,Perfect Fitness Perfect Rip Deck,17,Cleats,59.99000168
365,Perfect Fitness Perfect Rip Deck,17,Cleats,59.99000168
365,Perfect Fitness Perfect Rip Deck,17,Cleats,59.99000168
365,Perfect Fitness Perfect Rip Deck,17,Cleats,59.99000168
365,Perfect Fitness Perfect Rip Deck,17,Cleats,59.99000168
365,Perfect Fitness Perfect Rip Deck,17,Cleats,59.99000168
502,Nike Men's Dri-FIT Victory Golf Polo,24,Women's Apparel,50
502,Nike Men's Dri-FIT Victory Golf Polo,24,Women's Apparel,50
502,Nike Men's Dri-FIT Victory Golf Polo,24,Women's Apparel,50
567,adidas Men's Germany Black Crest Away Tee,26,Girls' Apparel,25
502,Nike Men's Dri-FIT Victory Golf Polo,24,Women's Apparel,50
502,Nike Men's Dri-FIT Victory Golf Polo,24,Women's Apparel,50
642,Columbia Men's PFG Anchor Tough T-Shirt,29,Shop By Sport,30
502,Nike Men's Dri-FIT Victory Golf Polo,24,Women's Apparel,50
502,Nike Men's Dri-FIT Victory Golf Polo,24,Women's Apparel,50
502,Nike Men's Dri-FIT Victory Golf Polo,24,Women's Apparel,50
627,Under Armour Girls' Toddler Spine Surge Runni,29,Shop By Sport,39.99000168
502,Nike Men's Dri-FIT Victory Golf Polo,24,Women's Apparel,50
502,Nike Men's Dri-FIT Victory Golf Polo,24,Women's Apparel,50
627,Under Armour Girls' Toddler Spine Surge Runni,29,Shop By Sport,39.99000168
627,Under Armour Girls' Toddler Spine Surge Runni,29,Shop By Sport,39.99000168
818,Titleist Pro V1x Golf Balls,37,Electronics,47.99000168
822,Titleist Pro V1x High Numbers Golf Balls,37,Electronics,47.99000168
897,Team Golf New England Patriots Putter Grip,40,Accessories,24.98999977
278,Under Armour Men's Compression EV SL Slide,13,Electronics,44.99000168
172,Nike Women's Tempo Shorts,9,Cardio Equipment,30
191,Nike Men's Free 5.0+ Running Shoe,9,Cardio Equipment,99.98999786
235,Under Armour Hustle Storm Medium Duffle Bag,11,Fitness Accessories,34.99000168
191,Nike Men's Free 5.0+ Running Shoe,9,Cardio Equipment,99.98999786
282,Under Armour Women's Ignite PIP VI Slide,13,Electronics,31.98999977
191,Nike Men's Free 5.0+ Running Shoe,9,Cardio Equipment,99.98999786
365,Perfect Fitness Perfect Rip Deck,17,Cleats,59.99000168
365,Perfect Fitness Perfect Rip Deck,17,Cleats,59.99000168
365,Perfect Fitness Perfect Rip Deck,17,Cleats,59.99000168
365,Perfect Fitness Perfect Rip Deck,17,Cleats,59.99000168
365,Perfect Fitness Perfect Rip Deck,17,Cleats,59.99000168
365,Perfect Fitness Perfect Rip Deck,17,Cleats,59.99000168
365,Perfect Fitness Perfect Rip Deck,17,Cleats,59.99000168
365,Perfect Fitness Perfect Rip Deck,17,Cleats,59.99000168
502,Nike Men's Dri-FIT Victory Golf Polo,24,Women's Apparel,50
627,Under Armour Girls' Toddler Spine Surge Runni,29,Shop By Sport,39.99000168
627,Under Armour Girls' Toddler Spine Surge Runni,29,Shop By Sport,39.99000168
627,Under Armour Girls' Toddler Spine Surge Runni,29,Shop By Sport,39.99000168
502,Nike Men's Dri-FIT Victory Golf Polo,24,Women's Apparel,50
565,adidas Youth Germany Black/Red Away Match Soc,26,Girls' Apparel,70
502,Nike Men's Dri-FIT Victory Golf Polo,24,Women's Apparel,50
502,Nike Men's Dri-FIT Victory Golf Polo,24,Women's Apparel,50
502,Nike Men's Dri-FIT Victory Golf Polo,24,Women's Apparel,50
627,Under Armour Girls' Toddler Spine Surge Runni,29,Shop By Sport,39.99000168
502,Nike Men's Dri-FIT Victory Golf Polo,24,Women's Apparel,50
502,Nike Men's Dri-FIT Victory Golf Polo,24,Women's Apparel,50
502,Nike Men's Dri-FIT Victory Golf Polo,24,Women's Apparel,50
502,Nike Men's Dri-FIT Victory Golf Polo,24,Women's Apparel,50
905,Team Golf Texas Longhorns Putter Grip,40,Accessories,24.98999977
365,Perfect Fitness Perfect Rip Deck,17,Cleats,59.99000168
365,Perfect Fitness Perfect Rip Deck,17,Cleats,59.99000168
365,Perfect Fitness Perfect Rip Deck,17,Cleats,59.99000168
365,Perfect Fitness Perfect Rip Deck,17,Cleats,59.99000168
627,Under Armour Girls' Toddler Spine Surge Runni,29,Shop By Sport,39.99000168
627,Under Armour Girls' Toddler Spine Surge Runni,29,Shop By Sport,39.99000168
502,Nike Men's Dri-FIT Victory Golf Polo,24,Women's Apparel,50
905,Team Golf Texas Longhorns Putter Grip,40,Accessories,24.98999977
926,Glove It Imperial Golf Towel,41,Trade-In,15.98999977
810,Glove It Women's Mod Oval Golf Glove,36,Golf Balls,19.98999977
135,Nike Dri-FIT Crew Sock 6 Pack,7,Hockey,22
135,Nike Dri-FIT Crew Sock 6 Pack,7,Hockey,22
135,Nike Dri-FIT Crew Sock 6 Pack,7,Hockey,22
135,Nike Dri-FIT Crew Sock 6 Pack,7,Hockey,22
135,Nike Dri-FIT Crew Sock 6 Pack,7,Hockey,22
135,Nike Dri-FIT Crew Sock 6 Pack,7,Hockey,22
135,Nike Dri-FIT Crew Sock 6 Pack,7,Hockey,22
135,Nike Dri-FIT Crew Sock 6 Pack,7,Hockey,22
135,Nike Dri-FIT Crew Sock 6 Pack,7,Hockey,22
135,Nike Dri-FIT Crew Sock 6 Pack,7,Hockey,22
135,Nike Dri-FIT Crew Sock 6 Pack,7,Hockey,22
135,Nike Dri-FIT Crew Sock 6 Pack,7,Hockey,22
135,Nike Dri-FIT Crew Sock 6 Pack,7,Hockey,22
135,Nike Dri-FIT Crew Sock 6 Pack,7,Hockey,22
135,Nike Dri-FIT Crew Sock 6 Pack,7,Hockey,22
135,Nike Dri-FIT Crew Sock 6 Pack,7,Hockey,22
135,Nike Dri-FIT Crew Sock 6 Pack,7,Hockey,22
135,Nike Dri-FIT Crew Sock 6 Pack,7,Hockey,22
135,Nike Dri-FIT Crew Sock 6 Pack,7,Hockey,22
135,Nike Dri-FIT Crew Sock 6 Pack,7,Hockey,22
135,Nike Dri-FIT Crew Sock 6 Pack,7,Hockey,22
135,Nike Dri-FIT Crew Sock 6 Pack,7,Hockey,22
135,Nike Dri-FIT Crew Sock 6 Pack,7,Hockey,22
135,Nike Dri-FIT Crew Sock 6 Pack,7,Hockey,22
135,Nike Dri-FIT Crew Sock 6 Pack,7,Hockey,22
135,Nike Dri-FIT Crew Sock 6 Pack,7,Hockey,22
135,Nike Dri-FIT Crew Sock 6 Pack,7,Hockey,22
135,Nike Dri-FIT Crew Sock 6 Pack,7,Hockey,22
135,Nike Dri-FIT Crew Sock 6 Pack,7,Hockey,22
135,Nike Dri-FIT Crew Sock 6 Pack,7,Hockey,22
135,Nike Dri-FIT Crew Sock 6 Pack,7,Hockey,22
135,Nike Dri-FIT Crew Sock 6 Pack,7,Hockey,22
135,Nike Dri-FIT Crew Sock 6 Pack,7,Hockey,22
135,Nike Dri-FIT Crew Sock 6 Pack,7,Hockey,22
135,Nike Dri-FIT Crew Sock 6 Pack,7,Hockey,22
135,Nike Dri-FIT Crew Sock 6 Pack,7,Hockey,22
135,Nike Dri-FIT Crew Sock 6 Pack,7,Hockey,22
135,Nike Dri-FIT Crew Sock 6 Pack,7,Hockey,22
135,Nike Dri-FIT Crew Sock 6 Pack,7,Hockey,22
135,Nike Dri-FIT Crew Sock 6 Pack,7,Hockey,22
135,Nike Dri-FIT Crew Sock 6 Pack,7,Hockey,22
135,Nike Dri-FIT Crew Sock 6 Pack,7,Hockey,22
135,Nike Dri-FIT Crew Sock 6 Pack,7,Hockey,22